Country,Date,Sex,Age,Cases,Deaths,Vaccinations,Confirmed_Deaths_per100k,Excess_Deaths_per100k,Lat,Lon
India,2017-12-31,M,55,253,18,11,0.02,0.0,20.5937,78.9629
India,2017-12-31,F,82,173,8,164,0.01,0.0,20.5937,78.9629
India,2018-12-31,M,78,274,46,171,0.05,0.01,20.5937,78.9629
India,2018-12-31,F,52,286,17,135,0.02,0.01,20.5937,78.9629
India,2019-12-31,M,88,55180,10768,20154,10.77,3.13,20.5937,78.9629
India,2019-12-31,F,66,60226,4356,52887,4.36,1.48,20.5937,78.9629
India,2020-12-31,M,63,36672,3500,21231,3.5,0.11,20.5937,78.9629
India,2020-12-31,F,20,63168,6746,26988,6.75,1.11,20.5937,78.9629
India,2021-12-31,M,75,31950,3905,43123,3.9,1.14,20.5937,78.9629
India,2021-12-31,F,55,36793,7504,28590,7.5,3.48,20.5937,78.9629
India,2022-12-31,M,26,58671,17306,108546,17.31,7.69,20.5937,78.9629
India,2022-12-31,F,23,22795,2960,22543,2.96,0.84,20.5937,78.9629
India,2023-12-31,M,67,39053,11427,47026,11.43,5.67,20.5937,78.9629
India,2023-12-31,F,40,42212,6349,76499,6.35,1.23,20.5937,78.9629
India,2024-12-31,M,86,1558,434,1622,0.43,0.16,20.5937,78.9629
India,2024-12-31,F,52,1176,42,1500,0.04,0.01,20.5937,78.9629
India,2025-12-31,M,70,4986,402,6719,0.4,0.04,20.5937,78.9629
India,2025-12-31,F,37,850,169,1131,0.17,0.05,20.5937,78.9629
India,2026-12-31,M,35,4556,828,6805,0.83,0.31,20.5937,78.9629
India,2026-12-31,F,64,4654,1050,4513,1.05,0.32,20.5937,78.9629
USA,2017-12-31,M,78,63,14,7,0.01,0.01,37.0902,-95.7129
USA,2017-12-31,F,79,95,4,67,0.0,0.0,37.0902,-95.7129
USA,2018-12-31,M,55,82,9,13,0.01,0.0,37.0902,-95.7129
USA,2018-12-31,F,73,29,7,4,0.01,0.0,37.0902,-95.7129
USA,2019-12-31,M,21,56857,11173,4277,11.17,1.32,37.0902,-95.7129
USA,2019-12-31,F,58,41101,11138,14197,11.14,5.13,37.0902,-95.7129
USA,2020-12-31,M,67,60525,17907,19270,17.91,1.15,37.0902,-95.7129
USA,2020-12-31,F,60,51712,1373,40920,1.37,0.64,37.0902,-95.7129
USA,2021-12-31,M,87,66505,10104,103798,10.1,2.51,37.0902,-95.7129
USA,2021-12-31,F,28,42828,7317,37578,7.32,2.91,37.0902,-95.7129
USA,2022-12-31,M,20,21849,1351,38774,1.35,0.13,37.0902,-95.7129
USA,2022-12-31,F,45,46677,12914,85302,12.91,2.1,37.0902,-95.7129
USA,2023-12-31,M,26,12429,1299,8685,1.3,0.09,37.0902,-95.7129
USA,2023-12-31,F,87,32597,5498,59239,5.5,0.94,37.0902,-95.7129
USA,2024-12-31,M,38,4851,155,8766,0.15,0.07,37.0902,-95.7129
USA,2024-12-31,F,88,1797,360,1134,0.36,0.04,37.0902,-95.7129
USA,2025-12-31,M,45,2388,433,4280,0.43,0.15,37.0902,-95.7129
USA,2025-12-31,F,44,4081,701,7606,0.7,0.14,37.0902,-95.7129
USA,2026-12-31,M,77,3524,548,4871,0.55,0.01,37.0902,-95.7129
USA,2026-12-31,F,75,1730,253,3362,0.25,0.08,37.0902,-95.7129
UK,2017-12-31,M,24,323,68,204,0.07,0.01,55.3781,-3.436
UK,2017-12-31,F,78,273,16,43,0.02,0.0,55.3781,-3.436
UK,2018-12-31,M,83,287,12,231,0.01,0.0,55.3781,-3.436
UK,2018-12-31,F,46,278,2,278,0.0,0.0,55.3781,-3.436
UK,2019-12-31,M,48,51669,614,12853,0.61,0.11,55.3781,-3.436
UK,2019-12-31,F,24,32381,8925,23450,8.93,3.8,55.3781,-3.436
UK,2020-12-31,M,56,21996,3126,6915,3.13,0.76,55.3781,-3.436
UK,2020-12-31,F,61,65500,19038,46869,19.04,2.2,55.3781,-3.436
UK,2021-12-31,M,40,63376,15514,122842,15.51,1.74,55.3781,-3.436
UK,2021-12-31,F,47,40384,6129,35341,6.13,1.1,55.3781,-3.436
UK,2022-12-31,M,74,47541,9641,56514,9.64,3.38,55.3781,-3.436
UK,2022-12-31,F,41,66539,17977,72498,17.98,5.82,55.3781,-3.436
UK,2023-12-31,M,78,38909,1164,52887,1.16,0.46,55.3781,-3.436
UK,2023-12-31,F,86,52707,5113,41188,5.11,1.76,55.3781,-3.436
UK,2024-12-31,M,50,780,174,648,0.17,0.08,55.3781,-3.436
UK,2024-12-31,F,40,2531,199,4329,0.2,0.07,55.3781,-3.436
UK,2025-12-31,M,88,4504,779,6517,0.78,0.25,55.3781,-3.436
UK,2025-12-31,F,71,2561,177,4658,0.18,0.09,55.3781,-3.436
UK,2026-12-31,M,85,2103,494,1204,0.49,0.07,55.3781,-3.436
UK,2026-12-31,F,68,3984,1000,2511,1.0,0.02,55.3781,-3.436
Pakistan,2017-12-31,M,44,393,88,242,0.09,0.03,30.3753,69.3451
Pakistan,2017-12-31,F,42,490,106,201,0.11,0.05,30.3753,69.3451
Pakistan,2018-12-31,M,59,266,71,163,0.07,0.01,30.3753,69.3451
Pakistan,2018-12-31,F,86,402,61,146,0.06,0.03,30.3753,69.3451
Pakistan,2019-12-31,M,85,54289,6011,11764,6.01,2.02,30.3753,69.3451
Pakistan,2019-12-31,F,76,65837,4282,43935,4.28,0.07,30.3753,69.3451
Pakistan,2020-12-31,M,24,49225,7761,42429,7.76,0.93,30.3753,69.3451
Pakistan,2020-12-31,F,65,53574,631,9065,0.63,0.18,30.3753,69.3451
Pakistan,2021-12-31,M,71,13709,3584,19251,3.58,1.49,30.3753,69.3451
Pakistan,2021-12-31,F,82,69446,12510,114764,12.51,0.09,30.3753,69.3451
Pakistan,2022-12-31,M,38,16463,4501,8603,4.5,0.42,30.3753,69.3451
Pakistan,2022-12-31,F,45,46140,7938,72324,7.94,1.16,30.3753,69.3451
Pakistan,2023-12-31,M,34,19275,2878,23772,2.88,1.02,30.3753,69.3451
Pakistan,2023-12-31,F,71,15344,665,9966,0.67,0.1,30.3753,69.3451
Pakistan,2024-12-31,M,60,1404,303,2173,0.3,0.14,30.3753,69.3451
Pakistan,2024-12-31,F,54,2822,624,5156,0.62,0.26,30.3753,69.3451
Pakistan,2025-12-31,M,61,3756,942,2843,0.94,0.37,30.3753,69.3451
Pakistan,2025-12-31,F,63,206,19,314,0.02,0.0,30.3753,69.3451
Pakistan,2026-12-31,M,77,2004,115,3303,0.12,0.01,30.3753,69.3451
Pakistan,2026-12-31,F,35,1664,93,2887,0.09,0.01,30.3753,69.3451
Sri Lanka,2017-12-31,M,23,447,122,335,0.12,0.03,7.8731,80.7718
Sri Lanka,2017-12-31,F,49,475,72,224,0.07,0.01,7.8731,80.7718
Sri Lanka,2018-12-31,M,32,131,16,2,0.02,0.0,7.8731,80.7718
Sri Lanka,2018-12-31,F,36,318,76,86,0.08,0.01,7.8731,80.7718
Sri Lanka,2019-12-31,M,41,67275,12271,47347,12.27,1.38,7.8731,80.7718
Sri Lanka,2019-12-31,F,22,43617,5690,23268,5.69,2.38,7.8731,80.7718
Sri Lanka,2020-12-31,M,29,61937,4542,12764,4.54,1.32,7.8731,80.7718
Sri Lanka,2020-12-31,F,57,63165,13836,146,13.84,0.87,7.8731,80.7718
Sri Lanka,2021-12-31,M,27,44863,13399,62194,13.4,0.74,7.8731,80.7718
Sri Lanka,2021-12-31,F,33,58615,15568,45589,15.57,1.57,7.8731,80.7718
Sri Lanka,2022-12-31,M,84,65032,3420,100764,3.42,1.2,7.8731,80.7718
Sri Lanka,2022-12-31,F,62,26570,5184,34775,5.18,1.02,7.8731,80.7718
Sri Lanka,2023-12-31,M,86,52686,15296,53422,15.3,0.46,7.8731,80.7718
Sri Lanka,2023-12-31,F,73,54561,7626,89501,7.63,1.84,7.8731,80.7718
Sri Lanka,2024-12-31,M,31,3059,636,5552,0.64,0.2,7.8731,80.7718
Sri Lanka,2024-12-31,F,65,1330,320,1115,0.32,0.16,7.8731,80.7718
Sri Lanka,2025-12-31,M,57,4045,340,5434,0.34,0.14,7.8731,80.7718
Sri Lanka,2025-12-31,F,21,1411,305,2743,0.3,0.01,7.8731,80.7718
Sri Lanka,2026-12-31,M,27,2805,356,3176,0.36,0.09,7.8731,80.7718
Sri Lanka,2026-12-31,F,68,2122,492,3812,0.49,0.07,7.8731,80.7718
Brazil,2017-12-31,M,27,205,6,118,0.01,0.0,-14.235,-51.9253
Brazil,2017-12-31,F,83,405,20,109,0.02,0.0,-14.235,-51.9253
Brazil,2018-12-31,M,43,175,22,104,0.02,0.0,-14.235,-51.9253
Brazil,2018-12-31,F,30,231,37,227,0.04,0.0,-14.235,-51.9253
Brazil,2019-12-31,M,45,50455,11348,10126,11.35,1.78,-14.235,-51.9253
Brazil,2019-12-31,F,23,44676,8815,27973,8.81,4.14,-14.235,-51.9253
Brazil,2020-12-31,M,29,22894,4619,3794,4.62,0.98,-14.235,-51.9253
Brazil,2020-12-31,F,35,11602,1331,3633,1.33,0.02,-14.235,-51.9253
Brazil,2021-12-31,M,68,15545,3427,28528,3.43,0.93,-14.235,-51.9253
Brazil,2021-12-31,F,56,36817,604,61481,0.6,0.02,-14.235,-51.9253
Brazil,2022-12-31,M,34,53525,9247,67753,9.25,3.62,-14.235,-51.9253
Brazil,2022-12-31,F,37,26602,3051,36802,3.05,0.09,-14.235,-51.9253
Brazil,2023-12-31,M,82,8172,2157,13093,2.16,0.26,-14.235,-51.9253
Brazil,2023-12-31,F,50,47599,9819,66023,9.82,3.79,-14.235,-51.9253
Brazil,2024-12-31,M,27,4266,1275,6028,1.27,0.43,-14.235,-51.9253
Brazil,2024-12-31,F,69,650,170,1039,0.17,0.07,-14.235,-51.9253
Brazil,2025-12-31,M,66,2182,85,1271,0.09,0.02,-14.235,-51.9253
Brazil,2025-12-31,F,36,3484,630,6401,0.63,0.01,-14.235,-51.9253
Brazil,2026-12-31,M,67,2850,38,2146,0.04,0.01,-14.235,-51.9253
Brazil,2026-12-31,F,76,3845,364,3522,0.36,0.07,-14.235,-51.9253
Canada,2017-12-31,M,26,321,54,236,0.05,0.01,56.1304,-106.3468
Canada,2017-12-31,F,81,280,71,248,0.07,0.02,56.1304,-106.3468
Canada,2018-12-31,M,55,369,4,42,0.0,0.0,56.1304,-106.3468
Canada,2018-12-31,F,40,418,7,211,0.01,0.0,56.1304,-106.3468
Canada,2019-12-31,M,23,25838,3413,11080,3.41,1.12,56.1304,-106.3468
Canada,2019-12-31,F,29,23580,1380,1813,1.38,0.12,56.1304,-106.3468
Canada,2020-12-31,M,83,12759,2218,3576,2.22,0.36,56.1304,-106.3468
Canada,2020-12-31,F,58,59690,16146,19725,16.15,1.45,56.1304,-106.3468
Canada,2021-12-31,M,55,63806,2470,70877,2.47,1.09,56.1304,-106.3468
Canada,2021-12-31,F,49,18074,797,27901,0.8,0.28,56.1304,-106.3468
Canada,2022-12-31,M,20,67754,9551,92407,9.55,2.06,56.1304,-106.3468
Canada,2022-12-31,F,35,62058,8280,52542,8.28,3.28,56.1304,-106.3468
Canada,2023-12-31,M,70,11830,2955,20769,2.96,1.41,56.1304,-106.3468
Canada,2023-12-31,F,40,46260,5212,35570,5.21,0.92,56.1304,-106.3468
Canada,2024-12-31,M,78,3258,397,4599,0.4,0.04,56.1304,-106.3468
Canada,2024-12-31,F,76,3931,721,7721,0.72,0.3,56.1304,-106.3468
Canada,2025-12-31,M,57,4238,309,6061,0.31,0.02,56.1304,-106.3468
Canada,2025-12-31,F,52,2935,47,3735,0.05,0.0,56.1304,-106.3468
Canada,2026-12-31,M,27,3513,1003,2786,1.0,0.3,56.1304,-106.3468
Canada,2026-12-31,F,29,1841,24,1605,0.02,0.01,56.1304,-106.3468
Germany,2017-12-31,M,54,430,89,330,0.09,0.0,51.1657,10.4515
Germany,2017-12-31,F,61,495,18,56,0.02,0.0,51.1657,10.4515
Germany,2018-12-31,M,71,138,39,101,0.04,0.01,51.1657,10.4515
Germany,2018-12-31,F,88,489,60,237,0.06,0.02,51.1657,10.4515
Germany,2019-12-31,M,74,36502,3242,506,3.24,1.3,51.1657,10.4515
Germany,2019-12-31,F,61,31187,828,8886,0.83,0.13,51.1657,10.4515
Germany,2020-12-31,M,62,42364,892,1701,0.89,0.08,51.1657,10.4515
Germany,2020-12-31,F,68,16321,945,5179,0.94,0.08,51.1657,10.4515
Germany,2021-12-31,M,39,51381,8621,46490,8.62,0.86,51.1657,10.4515
Germany,2021-12-31,F,47,46590,9687,50090,9.69,3.2,51.1657,10.4515
Germany,2022-12-31,M,73,60440,7175,56919,7.17,0.23,51.1657,10.4515
Germany,2022-12-31,F,89,46336,2856,43189,2.86,0.17,51.1657,10.4515
Germany,2023-12-31,M,56,52827,2520,69246,2.52,0.95,51.1657,10.4515
Germany,2023-12-31,F,51,43555,7706,58246,7.71,3.02,51.1657,10.4515
Germany,2024-12-31,M,90,1975,242,3479,0.24,0.1,51.1657,10.4515
Germany,2024-12-31,F,70,2619,724,4900,0.72,0.09,51.1657,10.4515
Germany,2025-12-31,M,76,2566,243,1783,0.24,0.07,51.1657,10.4515
Germany,2025-12-31,F,21,3234,709,4189,0.71,0.23,51.1657,10.4515
Germany,2026-12-31,M,27,4871,66,6031,0.07,0.03,51.1657,10.4515
Germany,2026-12-31,F,54,1836,63,2399,0.06,0.01,51.1657,10.4515
France,2017-12-31,M,67,275,74,245,0.07,0.03,46.2276,2.2137
France,2017-12-31,F,38,131,21,58,0.02,0.01,46.2276,2.2137
France,2018-12-31,M,62,222,39,138,0.04,0.02,46.2276,2.2137
France,2018-12-31,F,69,387,59,49,0.06,0.0,46.2276,2.2137
France,2019-12-31,M,25,37770,10047,32187,10.05,4.32,46.2276,2.2137
France,2019-12-31,F,72,7568,556,6291,0.56,0.14,46.2276,2.2137
France,2020-12-31,M,43,45957,10817,30982,10.82,1.04,46.2276,2.2137
France,2020-12-31,F,78,52321,6301,42680,6.3,0.63,46.2276,2.2137
France,2021-12-31,M,86,37280,7663,30595,7.66,0.35,46.2276,2.2137
France,2021-12-31,F,36,58780,1521,59632,1.52,0.53,46.2276,2.2137
France,2022-12-31,M,21,24311,2015,22182,2.02,0.2,46.2276,2.2137
France,2022-12-31,F,37,12972,2790,16693,2.79,1.09,46.2276,2.2137
France,2023-12-31,M,42,20851,3076,32492,3.08,1.18,46.2276,2.2137
France,2023-12-31,F,22,54936,16064,96881,16.06,1.49,46.2276,2.2137
France,2024-12-31,M,85,4540,76,5980,0.08,0.04,46.2276,2.2137
France,2024-12-31,F,78,3360,662,2698,0.66,0.15,46.2276,2.2137
France,2025-12-31,M,38,634,174,671,0.17,0.02,46.2276,2.2137
France,2025-12-31,F,22,1133,52,1588,0.05,0.0,46.2276,2.2137
France,2026-12-31,M,29,2564,63,4734,0.06,0.01,46.2276,2.2137
France,2026-12-31,F,33,4022,188,2568,0.19,0.09,46.2276,2.2137
Italy,2017-12-31,M,67,24,0,18,0.0,0.0,41.8719,12.5674
Italy,2017-12-31,F,61,112,21,44,0.02,0.01,41.8719,12.5674
Italy,2018-12-31,M,56,39,3,18,0.0,0.0,41.8719,12.5674
Italy,2018-12-31,F,21,311,33,63,0.03,0.01,41.8719,12.5674
Italy,2019-12-31,M,35,53609,12717,21668,12.72,1.49,41.8719,12.5674
Italy,2019-12-31,F,29,43124,3561,7097,3.56,0.35,41.8719,12.5674
Italy,2020-12-31,M,67,52314,12211,52202,12.21,0.51,41.8719,12.5674
Italy,2020-12-31,F,38,39092,8749,37666,8.75,0.79,41.8719,12.5674
Italy,2021-12-31,M,90,61904,3907,122932,3.91,1.9,41.8719,12.5674
Italy,2021-12-31,F,22,25167,2602,16014,2.6,0.38,41.8719,12.5674
Italy,2022-12-31,M,53,61644,12117,32833,12.12,2.71,41.8719,12.5674
Italy,2022-12-31,F,86,19557,3209,34390,3.21,1.59,41.8719,12.5674
Italy,2023-12-31,M,55,26104,609,49495,0.61,0.04,41.8719,12.5674
Italy,2023-12-31,F,47,34215,8706,56313,8.71,3.86,41.8719,12.5674
Italy,2024-12-31,M,47,2104,607,3203,0.61,0.03,41.8719,12.5674
Italy,2024-12-31,F,40,4363,235,5451,0.23,0.05,41.8719,12.5674
Italy,2025-12-31,M,70,1025,143,734,0.14,0.04,41.8719,12.5674
Italy,2025-12-31,F,48,2112,374,2361,0.37,0.13,41.8719,12.5674
Italy,2026-12-31,M,34,512,52,988,0.05,0.01,41.8719,12.5674
Italy,2026-12-31,F,71,2364,649,4425,0.65,0.17,41.8719,12.5674
Russia,2017-12-31,M,45,398,93,231,0.09,0.04,61.524,105.3188
Russia,2017-12-31,F,89,145,5,131,0.01,0.0,61.524,105.3188
Russia,2018-12-31,M,22,374,105,314,0.1,0.04,61.524,105.3188
Russia,2018-12-31,F,44,28,2,21,0.0,0.0,61.524,105.3188
Russia,2019-12-31,M,72,52876,9097,11966,9.1,3.32,61.524,105.3188
Russia,2019-12-31,F,89,66224,1990,7352,1.99,0.85,61.524,105.3188
Russia,2020-12-31,M,74,19409,3177,13126,3.18,0.85,61.524,105.3188
Russia,2020-12-31,F,68,63442,12862,31003,12.86,2.85,61.524,105.3188
Russia,2021-12-31,M,40,10596,412,6995,0.41,0.04,61.524,105.3188
Russia,2021-12-31,F,86,24466,3641,47127,3.64,1.1,61.524,105.3188
Russia,2022-12-31,M,26,48481,7879,71281,7.88,0.19,61.524,105.3188
Russia,2022-12-31,F,62,51748,12781,62033,12.78,5.89,61.524,105.3188
Russia,2023-12-31,M,27,28638,3000,51418,3.0,1.28,61.524,105.3188
Russia,2023-12-31,F,80,14916,1357,29532,1.36,0.24,61.524,105.3188
Russia,2024-12-31,M,66,1838,302,988,0.3,0.05,61.524,105.3188
Russia,2024-12-31,F,68,3115,921,1939,0.92,0.23,61.524,105.3188
Russia,2025-12-31,M,37,351,19,271,0.02,0.0,61.524,105.3188
Russia,2025-12-31,F,30,2678,588,3559,0.59,0.08,61.524,105.3188
Russia,2026-12-31,M,64,1292,191,1227,0.19,0.03,61.524,105.3188
Russia,2026-12-31,F,56,4616,177,5332,0.18,0.08,61.524,105.3188
China,2017-12-31,M,74,156,42,61,0.04,0.01,35.8617,104.1954
China,2017-12-31,F,79,258,23,150,0.02,0.0,35.8617,104.1954
China,2018-12-31,M,54,147,20,20,0.02,0.01,35.8617,104.1954
China,2018-12-31,F,83,476,18,284,0.02,0.01,35.8617,104.1954
China,2019-12-31,M,49,9215,2452,2902,2.45,1.12,35.8617,104.1954
China,2019-12-31,F,24,38138,2401,335,2.4,0.51,35.8617,104.1954
China,2020-12-31,M,76,69457,4998,62770,5.0,2.3,35.8617,104.1954
China,2020-12-31,F,37,61487,16072,23870,16.07,2.06,35.8617,104.1954
China,2021-12-31,M,73,61933,5098,105640,5.1,0.11,35.8617,104.1954
China,2021-12-31,F,87,56162,4747,32112,4.75,1.57,35.8617,104.1954
China,2022-12-31,M,38,23944,1922,40028,1.92,0.23,35.8617,104.1954
China,2022-12-31,F,35,33717,9393,66735,9.39,2.12,35.8617,104.1954
China,2023-12-31,M,33,51033,4141,30899,4.14,0.42,35.8617,104.1954
China,2023-12-31,F,29,55828,9703,48074,9.7,0.26,35.8617,104.1954
China,2024-12-31,M,82,3770,159,4647,0.16,0.02,35.8617,104.1954
China,2024-12-31,F,26,3748,719,2584,0.72,0.28,35.8617,104.1954
China,2025-12-31,M,82,1339,71,2407,0.07,0.03,35.8617,104.1954
China,2025-12-31,F,71,982,16,1408,0.02,0.01,35.8617,104.1954
China,2026-12-31,M,46,4564,387,8474,0.39,0.07,35.8617,104.1954
China,2026-12-31,F,59,2748,634,1505,0.63,0.28,35.8617,104.1954
Japan,2017-12-31,M,20,214,28,96,0.03,0.01,36.2048,138.2529
Japan,2017-12-31,F,39,388,75,367,0.07,0.03,36.2048,138.2529
Japan,2018-12-31,M,51,409,14,186,0.01,0.0,36.2048,138.2529
Japan,2018-12-31,F,59,30,4,2,0.0,0.0,36.2048,138.2529
Japan,2019-12-31,M,88,66717,6510,51064,6.51,1.76,36.2048,138.2529
Japan,2019-12-31,F,40,27108,1409,22961,1.41,0.24,36.2048,138.2529
Japan,2020-12-31,M,27,22257,1004,16975,1.0,0.17,36.2048,138.2529
Japan,2020-12-31,F,51,65590,17696,51227,17.7,3.99,36.2048,138.2529
Japan,2021-12-31,M,54,68567,13003,57333,13.0,0.84,36.2048,138.2529
Japan,2021-12-31,F,74,29492,1097,40544,1.1,0.02,36.2048,138.2529
Japan,2022-12-31,M,73,63535,9927,61630,9.93,3.14,36.2048,138.2529
Japan,2022-12-31,F,86,18237,5187,31917,5.19,1.77,36.2048,138.2529
Japan,2023-12-31,M,23,5060,1324,7770,1.32,0.34,36.2048,138.2529
Japan,2023-12-31,F,68,51790,12690,51259,12.69,1.73,36.2048,138.2529
Japan,2024-12-31,M,46,586,15,857,0.01,0.0,36.2048,138.2529
Japan,2024-12-31,F,21,4807,795,8814,0.8,0.32,36.2048,138.2529
Japan,2025-12-31,M,36,3743,47,4578,0.05,0.01,36.2048,138.2529
Japan,2025-12-31,F,55,4467,606,8912,0.61,0.03,36.2048,138.2529
Japan,2026-12-31,M,34,1746,219,877,0.22,0.07,36.2048,138.2529
Japan,2026-12-31,F,31,2514,229,1624,0.23,0.08,36.2048,138.2529
Australia,2017-12-31,M,66,98,8,44,0.01,0.0,-25.2744,133.7751
Australia,2017-12-31,F,82,478,92,413,0.09,0.01,-25.2744,133.7751
Australia,2018-12-31,M,36,425,66,44,0.07,0.0,-25.2744,133.7751
Australia,2018-12-31,F,90,334,13,172,0.01,0.0,-25.2744,133.7751
Australia,2019-12-31,M,30,7851,585,1730,0.58,0.15,-25.2744,133.7751
Australia,2019-12-31,F,46,60902,16766,41875,16.77,6.23,-25.2744,133.7751
Australia,2020-12-31,M,50,30376,7322,10256,7.32,1.89,-25.2744,133.7751
Australia,2020-12-31,F,34,55321,1106,4660,1.11,0.19,-25.2744,133.7751
Australia,2021-12-31,M,26,57473,935,48413,0.94,0.19,-25.2744,133.7751
Australia,2021-12-31,F,71,48462,14206,57897,14.21,5.06,-25.2744,133.7751
Australia,2022-12-31,M,61,15351,1875,8722,1.88,0.56,-25.2744,133.7751
Australia,2022-12-31,F,31,41164,2156,46017,2.16,0.42,-25.2744,133.7751
Australia,2023-12-31,M,69,64277,10979,114119,10.98,4.71,-25.2744,133.7751
Australia,2023-12-31,F,47,10654,1555,14714,1.55,0.05,-25.2744,133.7751
Australia,2024-12-31,M,66,4471,721,7068,0.72,0.23,-25.2744,133.7751
Australia,2024-12-31,F,32,1692,174,3365,0.17,0.05,-25.2744,133.7751
Australia,2025-12-31,M,88,1417,310,1201,0.31,0.15,-25.2744,133.7751
Australia,2025-12-31,F,59,947,84,1812,0.08,0.04,-25.2744,133.7751
Australia,2026-12-31,M,48,4406,729,2676,0.73,0.14,-25.2744,133.7751
Australia,2026-12-31,F,28,2832,202,3277,0.2,0.03,-25.2744,133.7751
South Korea,2017-12-31,M,88,23,4,0,0.0,0.0,35.9078,127.7669
South Korea,2017-12-31,F,57,81,9,8,0.01,0.0,35.9078,127.7669
South Korea,2018-12-31,M,79,486,135,327,0.14,0.07,35.9078,127.7669
South Korea,2018-12-31,F,63,282,65,77,0.07,0.03,35.9078,127.7669
South Korea,2019-12-31,M,44,53769,11525,19296,11.53,3.32,35.9078,127.7669
South Korea,2019-12-31,F,76,38838,9386,12616,9.39,2.73,35.9078,127.7669
South Korea,2020-12-31,M,61,15027,3382,10393,3.38,1.65,35.9078,127.7669
South Korea,2020-12-31,F,68,33446,1902,8018,1.9,0.92,35.9078,127.7669
South Korea,2021-12-31,M,85,61437,2132,69703,2.13,0.15,35.9078,127.7669
South Korea,2021-12-31,F,42,10560,1474,7057,1.47,0.26,35.9078,127.7669
South Korea,2022-12-31,M,45,61744,777,87500,0.78,0.32,35.9078,127.7669
South Korea,2022-12-31,F,21,19844,4275,37731,4.28,1.05,35.9078,127.7669
South Korea,2023-12-31,M,72,52637,13617,32640,13.62,6.26,35.9078,127.7669
South Korea,2023-12-31,F,74,28508,5091,40666,5.09,1.63,35.9078,127.7669
South Korea,2024-12-31,M,82,562,24,931,0.02,0.0,35.9078,127.7669
South Korea,2024-12-31,F,88,1646,75,2439,0.07,0.01,35.9078,127.7669
South Korea,2025-12-31,M,48,4352,962,2229,0.96,0.04,35.9078,127.7669
South Korea,2025-12-31,F,62,2419,179,1819,0.18,0.07,35.9078,127.7669
South Korea,2026-12-31,M,41,3003,815,2101,0.81,0.1,35.9078,127.7669
South Korea,2026-12-31,F,21,2015,514,1078,0.51,0.04,35.9078,127.7669
Mexico,2017-12-31,M,36,190,51,6,0.05,0.01,23.6345,-102.5528
Mexico,2017-12-31,F,52,125,14,123,0.01,0.0,23.6345,-102.5528
Mexico,2018-12-31,M,74,334,55,291,0.06,0.02,23.6345,-102.5528
Mexico,2018-12-31,F,75,240,23,36,0.02,0.01,23.6345,-102.5528
Mexico,2019-12-31,M,30,21066,3216,6582,3.22,0.92,23.6345,-102.5528
Mexico,2019-12-31,F,56,33519,568,20824,0.57,0.24,23.6345,-102.5528
Mexico,2020-12-31,M,74,31887,3306,2034,3.31,0.37,23.6345,-102.5528
Mexico,2020-12-31,F,82,15701,634,13276,0.63,0.2,23.6345,-102.5528
Mexico,2021-12-31,M,56,10011,2271,19267,2.27,0.67,23.6345,-102.5528
Mexico,2021-12-31,F,73,50020,4526,51195,4.53,0.94,23.6345,-102.5528
Mexico,2022-12-31,M,60,9668,2774,5768,2.77,0.61,23.6345,-102.5528
Mexico,2022-12-31,F,38,57893,8119,92687,8.12,3.56,23.6345,-102.5528
Mexico,2023-12-31,M,70,65048,6299,64718,6.3,0.6,23.6345,-102.5528
Mexico,2023-12-31,F,28,46378,11950,34722,11.95,2.89,23.6345,-102.5528
Mexico,2024-12-31,M,21,1669,167,2413,0.17,0.02,23.6345,-102.5528
Mexico,2024-12-31,F,38,262,3,431,0.0,0.0,23.6345,-102.5528
Mexico,2025-12-31,M,40,1959,535,3705,0.54,0.03,23.6345,-102.5528
Mexico,2025-12-31,F,75,4346,594,4505,0.59,0.08,23.6345,-102.5528
Mexico,2026-12-31,M,68,567,22,708,0.02,0.01,23.6345,-102.5528
Mexico,2026-12-31,F,44,4212,240,7743,0.24,0.1,23.6345,-102.5528
South Africa,2017-12-31,M,49,129,12,93,0.01,0.0,-30.5595,22.9375
South Africa,2017-12-31,F,40,29,8,15,0.01,0.0,-30.5595,22.9375
South Africa,2018-12-31,M,22,476,121,29,0.12,0.06,-30.5595,22.9375
South Africa,2018-12-31,F,86,200,43,77,0.04,0.01,-30.5595,22.9375
South Africa,2019-12-31,M,73,62814,1911,28961,1.91,0.82,-30.5595,22.9375
South Africa,2019-12-31,F,49,11161,2647,10053,2.65,0.67,-30.5595,22.9375
South Africa,2020-12-31,M,30,18841,2782,5176,2.78,0.37,-30.5595,22.9375
South Africa,2020-12-31,F,78,11935,1480,6246,1.48,0.52,-30.5595,22.9375
South Africa,2021-12-31,M,76,25778,856,32926,0.86,0.12,-30.5595,22.9375
South Africa,2021-12-31,F,30,6551,1696,6176,1.7,0.46,-30.5595,22.9375
South Africa,2022-12-31,M,26,10847,2412,9817,2.41,0.07,-30.5595,22.9375
South Africa,2022-12-31,F,40,56075,14370,102839,14.37,5.64,-30.5595,22.9375
South Africa,2023-12-31,M,20,44252,8314,32724,8.31,2.45,-30.5595,22.9375
South Africa,2023-12-31,F,44,69520,6732,48746,6.73,1.9,-30.5595,22.9375
South Africa,2024-12-31,M,34,2105,489,2326,0.49,0.17,-30.5595,22.9375
South Africa,2024-12-31,F,50,2951,534,4730,0.53,0.2,-30.5595,22.9375
South Africa,2025-12-31,M,50,3681,766,4320,0.77,0.3,-30.5595,22.9375
South Africa,2025-12-31,F,80,640,17,893,0.02,0.01,-30.5595,22.9375
South Africa,2026-12-31,M,90,2249,278,1798,0.28,0.09,-30.5595,22.9375
South Africa,2026-12-31,F,73,258,25,205,0.03,0.01,-30.5595,22.9375
Egypt,2017-12-31,M,59,89,21,55,0.02,0.0,26.8206,30.8025
Egypt,2017-12-31,F,74,122,4,5,0.0,0.0,26.8206,30.8025
Egypt,2018-12-31,M,50,248,44,26,0.04,0.02,26.8206,30.8025
Egypt,2018-12-31,F,73,251,24,41,0.02,0.0,26.8206,30.8025
Egypt,2019-12-31,M,33,31781,6129,2133,6.13,1.23,26.8206,30.8025
Egypt,2019-12-31,F,28,59981,9907,7161,9.91,4.16,26.8206,30.8025
Egypt,2020-12-31,M,23,27148,699,16856,0.7,0.26,26.8206,30.8025
Egypt,2020-12-31,F,75,31066,3935,24081,3.94,1.61,26.8206,30.8025
Egypt,2021-12-31,M,23,36164,9402,37514,9.4,3.1,26.8206,30.8025
Egypt,2021-12-31,F,24,12584,1014,19996,1.01,0.15,26.8206,30.8025
Egypt,2022-12-31,M,89,54921,6205,68935,6.21,2.07,26.8206,30.8025
Egypt,2022-12-31,F,39,69423,14756,77681,14.76,4.0,26.8206,30.8025
Egypt,2023-12-31,M,29,49515,13099,26470,13.1,1.26,26.8206,30.8025
Egypt,2023-12-31,F,88,28607,5213,37313,5.21,0.36,26.8206,30.8025
Egypt,2024-12-31,M,60,347,51,629,0.05,0.01,26.8206,30.8025
Egypt,2024-12-31,F,69,1946,240,1988,0.24,0.02,26.8206,30.8025
Egypt,2025-12-31,M,32,2049,433,3079,0.43,0.08,26.8206,30.8025
Egypt,2025-12-31,F,84,1010,155,1122,0.15,0.03,26.8206,30.8025
Egypt,2026-12-31,M,64,1080,300,1776,0.3,0.07,26.8206,30.8025
Egypt,2026-12-31,F,66,682,139,623,0.14,0.04,26.8206,30.8025
Nigeria,2017-12-31,M,40,248,35,126,0.04,0.01,9.082,8.6753
Nigeria,2017-12-31,F,26,66,1,13,0.0,0.0,9.082,8.6753
Nigeria,2018-12-31,M,28,435,22,148,0.02,0.01,9.082,8.6753
Nigeria,2018-12-31,F,65,343,68,184,0.07,0.01,9.082,8.6753
Nigeria,2019-12-31,M,88,37751,5312,36022,5.31,0.78,9.082,8.6753
Nigeria,2019-12-31,F,86,40833,7212,6288,7.21,1.56,9.082,8.6753
Nigeria,2020-12-31,M,86,38805,2300,15704,2.3,0.13,9.082,8.6753
Nigeria,2020-12-31,F,68,51234,11227,27866,11.23,3.37,9.082,8.6753
Nigeria,2021-12-31,M,54,59123,11600,43710,11.6,2.42,9.082,8.6753
Nigeria,2021-12-31,F,77,63646,10847,90438,10.85,4.25,9.082,8.6753
Nigeria,2022-12-31,M,60,69657,11011,36237,11.01,4.69,9.082,8.6753
Nigeria,2022-12-31,F,86,54228,15293,81031,15.29,3.27,9.082,8.6753
Nigeria,2023-12-31,M,73,69060,17209,55780,17.21,5.61,9.082,8.6753
Nigeria,2023-12-31,F,82,16709,2361,10057,2.36,0.03,9.082,8.6753
Nigeria,2024-12-31,M,56,923,232,633,0.23,0.09,9.082,8.6753
Nigeria,2024-12-31,F,48,1057,39,1392,0.04,0.0,9.082,8.6753
Nigeria,2025-12-31,M,83,395,113,723,0.11,0.01,9.082,8.6753
Nigeria,2025-12-31,F,82,3056,898,2104,0.9,0.26,9.082,8.6753
Nigeria,2026-12-31,M,34,4306,225,7876,0.23,0.06,9.082,8.6753
Nigeria,2026-12-31,F,76,1104,227,2057,0.23,0.08,9.082,8.6753
Argentina,2017-12-31,M,84,154,7,88,0.01,0.0,-38.4161,-63.6167
Argentina,2017-12-31,F,52,465,47,320,0.05,0.0,-38.4161,-63.6167
Argentina,2018-12-31,M,43,116,17,42,0.02,0.0,-38.4161,-63.6167
Argentina,2018-12-31,F,79,204,7,29,0.01,0.0,-38.4161,-63.6167
Argentina,2019-12-31,M,59,12967,1579,6021,1.58,0.29,-38.4161,-63.6167
Argentina,2019-12-31,F,58,12305,3007,10989,3.01,0.76,-38.4161,-63.6167
Argentina,2020-12-31,M,70,31401,4104,1555,4.1,1.13,-38.4161,-63.6167
Argentina,2020-12-31,F,59,38808,7810,10350,7.81,0.87,-38.4161,-63.6167
Argentina,2021-12-31,M,84,7715,2190,7652,2.19,0.41,-38.4161,-63.6167
Argentina,2021-12-31,F,32,47469,10484,45304,10.48,0.09,-38.4161,-63.6167
Argentina,2022-12-31,M,46,50060,8591,29352,8.59,1.98,-38.4161,-63.6167
Argentina,2022-12-31,F,88,48732,6285,90053,6.29,2.1,-38.4161,-63.6167
Argentina,2023-12-31,M,88,58237,3438,87215,3.44,1.13,-38.4161,-63.6167
Argentina,2023-12-31,F,84,60448,12857,35904,12.86,1.1,-38.4161,-63.6167
Argentina,2024-12-31,M,40,1912,65,2969,0.07,0.03,-38.4161,-63.6167
Argentina,2024-12-31,F,52,2608,480,1478,0.48,0.15,-38.4161,-63.6167
Argentina,2025-12-31,M,82,285,32,530,0.03,0.01,-38.4161,-63.6167
Argentina,2025-12-31,F,78,1218,185,2012,0.18,0.06,-38.4161,-63.6167
Argentina,2026-12-31,M,58,3222,688,2812,0.69,0.31,-38.4161,-63.6167
Argentina,2026-12-31,F,65,3166,909,4284,0.91,0.42,-38.4161,-63.6167
Spain,2017-12-31,M,85,252,26,183,0.03,0.0,40.4637,-3.7492
Spain,2017-12-31,F,68,344,96,21,0.1,0.0,40.4637,-3.7492
Spain,2018-12-31,M,57,162,9,94,0.01,0.0,40.4637,-3.7492
Spain,2018-12-31,F,26,194,31,178,0.03,0.01,40.4637,-3.7492
Spain,2019-12-31,M,21,34425,685,32444,0.69,0.06,40.4637,-3.7492
Spain,2019-12-31,F,21,66744,5241,61369,5.24,1.55,40.4637,-3.7492
Spain,2020-12-31,M,21,34396,8933,21109,8.93,2.61,40.4637,-3.7492
Spain,2020-12-31,F,76,27181,2287,19546,2.29,0.05,40.4637,-3.7492
Spain,2021-12-31,M,43,26258,4477,18251,4.48,1.98,40.4637,-3.7492
Spain,2021-12-31,F,47,30272,2223,50118,2.22,0.72,40.4637,-3.7492
Spain,2022-12-31,M,49,32128,465,23187,0.47,0.07,40.4637,-3.7492
Spain,2022-12-31,F,78,65798,17860,103719,17.86,5.96,40.4637,-3.7492
Spain,2023-12-31,M,76,21766,4983,33441,4.98,0.9,40.4637,-3.7492
Spain,2023-12-31,F,63,15623,1190,22396,1.19,0.38,40.4637,-3.7492
Spain,2024-12-31,M,22,2025,459,2910,0.46,0.14,40.4637,-3.7492
Spain,2024-12-31,F,48,4205,1083,5396,1.08,0.46,40.4637,-3.7492
Spain,2025-12-31,M,63,3702,1006,5796,1.01,0.11,40.4637,-3.7492
Spain,2025-12-31,F,32,4365,716,3694,0.72,0.34,40.4637,-3.7492
Spain,2026-12-31,M,28,1951,213,3828,0.21,0.07,40.4637,-3.7492
Spain,2026-12-31,F,41,3277,242,3693,0.24,0.1,40.4637,-3.7492
Turkey,2017-12-31,M,88,165,16,117,0.02,0.0,38.9637,35.2433
Turkey,2017-12-31,F,31,387,81,313,0.08,0.01,38.9637,35.2433
Turkey,2018-12-31,M,84,141,40,42,0.04,0.02,38.9637,35.2433
Turkey,2018-12-31,F,87,263,76,232,0.08,0.02,38.9637,35.2433
Turkey,2019-12-31,M,66,9118,1915,7209,1.92,0.47,38.9637,35.2433
Turkey,2019-12-31,F,38,46193,7278,4327,7.28,2.43,38.9637,35.2433
Turkey,2020-12-31,M,39,49928,11915,21194,11.91,0.15,38.9637,35.2433
Turkey,2020-12-31,F,60,23141,6153,794,6.15,2.39,38.9637,35.2433
Turkey,2021-12-31,M,88,52981,6051,32212,6.05,2.52,38.9637,35.2433
Turkey,2021-12-31,F,85,11181,561,8811,0.56,0.24,38.9637,35.2433
Turkey,2022-12-31,M,70,16594,4261,21978,4.26,0.35,38.9637,35.2433
Turkey,2022-12-31,F,38,29777,3765,24775,3.77,1.81,38.9637,35.2433
Turkey,2023-12-31,M,69,8204,379,5502,0.38,0.08,38.9637,35.2433
Turkey,2023-12-31,F,62,17388,4361,16733,4.36,0.89,38.9637,35.2433
Turkey,2024-12-31,M,71,3021,414,2084,0.41,0.13,38.9637,35.2433
Turkey,2024-12-31,F,75,757,85,523,0.09,0.02,38.9637,35.2433
Turkey,2025-12-31,M,38,1498,141,2247,0.14,0.0,38.9637,35.2433
Turkey,2025-12-31,F,72,935,18,959,0.02,0.0,38.9637,35.2433
Turkey,2026-12-31,M,57,1803,455,1673,0.46,0.21,38.9637,35.2433
Turkey,2026-12-31,F,70,1198,335,632,0.34,0.04,38.9637,35.2433
Iran,2017-12-31,M,56,240,67,46,0.07,0.03,32.4279,53.688
Iran,2017-12-31,F,28,373,98,325,0.1,0.02,32.4279,53.688
Iran,2018-12-31,M,54,486,21,444,0.02,0.01,32.4279,53.688
Iran,2018-12-31,F,67,291,84,12,0.08,0.0,32.4279,53.688
Iran,2019-12-31,M,79,5636,239,1768,0.24,0.12,32.4279,53.688
Iran,2019-12-31,F,29,7909,1813,5645,1.81,0.55,32.4279,53.688
Iran,2020-12-31,M,30,17322,321,1145,0.32,0.14,32.4279,53.688
Iran,2020-12-31,F,46,32982,1946,4393,1.95,0.03,32.4279,53.688
Iran,2021-12-31,M,66,10513,2932,16793,2.93,0.61,32.4279,53.688
Iran,2021-12-31,F,51,67339,4037,51894,4.04,1.38,32.4279,53.688
Iran,2022-12-31,M,67,59670,615,107745,0.61,0.22,32.4279,53.688
Iran,2022-12-31,F,22,23241,4390,29846,4.39,0.59,32.4279,53.688
Iran,2023-12-31,M,68,25369,883,17941,0.88,0.13,32.4279,53.688
Iran,2023-12-31,F,84,26053,1413,42445,1.41,0.38,32.4279,53.688
Iran,2024-12-31,M,70,2046,359,3255,0.36,0.03,32.4279,53.688
Iran,2024-12-31,F,26,1811,315,960,0.32,0.05,32.4279,53.688
Iran,2025-12-31,M,53,1946,165,3168,0.17,0.01,32.4279,53.688
Iran,2025-12-31,F,54,4930,81,9037,0.08,0.04,32.4279,53.688
Iran,2026-12-31,M,23,1304,171,2567,0.17,0.03,32.4279,53.688
Iran,2026-12-31,F,64,1911,404,989,0.4,0.16,32.4279,53.688
Indonesia,2017-12-31,M,74,60,8,18,0.01,0.0,-0.7893,113.9213
Indonesia,2017-12-31,F,85,473,58,125,0.06,0.01,-0.7893,113.9213
Indonesia,2018-12-31,M,60,389,108,92,0.11,0.01,-0.7893,113.9213
Indonesia,2018-12-31,F,55,403,54,114,0.05,0.0,-0.7893,113.9213
Indonesia,2019-12-31,M,41,31774,3903,2572,3.9,0.07,-0.7893,113.9213
Indonesia,2019-12-31,F,89,37326,6178,27795,6.18,0.27,-0.7893,113.9213
Indonesia,2020-12-31,M,34,20190,1323,10616,1.32,0.03,-0.7893,113.9213
Indonesia,2020-12-31,F,64,41724,6942,9054,6.94,1.25,-0.7893,113.9213
Indonesia,2021-12-31,M,21,57607,14712,74455,14.71,2.92,-0.7893,113.9213
Indonesia,2021-12-31,F,27,69691,19499,122609,19.5,0.33,-0.7893,113.9213
Indonesia,2022-12-31,M,73,63700,8538,63470,8.54,1.11,-0.7893,113.9213
Indonesia,2022-12-31,F,69,14873,2905,25115,2.9,0.76,-0.7893,113.9213
Indonesia,2023-12-31,M,83,46555,6391,42094,6.39,1.93,-0.7893,113.9213
Indonesia,2023-12-31,F,30,16963,4749,29890,4.75,1.36,-0.7893,113.9213
Indonesia,2024-12-31,M,50,2838,338,3671,0.34,0.04,-0.7893,113.9213
Indonesia,2024-12-31,F,89,735,84,424,0.08,0.02,-0.7893,113.9213
Indonesia,2025-12-31,M,44,1605,58,2404,0.06,0.01,-0.7893,113.9213
Indonesia,2025-12-31,F,29,3822,162,2617,0.16,0.06,-0.7893,113.9213
Indonesia,2026-12-31,M,78,3313,595,3677,0.59,0.21,-0.7893,113.9213
Indonesia,2026-12-31,F,20,620,79,666,0.08,0.0,-0.7893,113.9213
Thailand,2017-12-31,M,82,256,36,216,0.04,0.01,15.87,100.9925
Thailand,2017-12-31,F,47,226,25,29,0.03,0.0,15.87,100.9925
Thailand,2018-12-31,M,40,388,115,234,0.12,0.03,15.87,100.9925
Thailand,2018-12-31,F,37,440,11,119,0.01,0.0,15.87,100.9925
Thailand,2019-12-31,M,33,22946,2513,22226,2.51,0.89,15.87,100.9925
Thailand,2019-12-31,F,68,27340,8170,7002,8.17,2.97,15.87,100.9925
Thailand,2020-12-31,M,78,62008,16856,43028,16.86,4.33,15.87,100.9925
Thailand,2020-12-31,F,73,38959,1910,20616,1.91,0.42,15.87,100.9925
Thailand,2021-12-31,M,47,50093,10837,78949,10.84,3.22,15.87,100.9925
Thailand,2021-12-31,F,24,38515,6015,71192,6.01,0.98,15.87,100.9925
Thailand,2022-12-31,M,31,57995,11225,69030,11.22,0.08,15.87,100.9925
Thailand,2022-12-31,F,85,7082,1040,9624,1.04,0.22,15.87,100.9925
Thailand,2023-12-31,M,76,60643,3795,54327,3.79,0.43,15.87,100.9925
Thailand,2023-12-31,F,66,17221,4782,28349,4.78,0.26,15.87,100.9925
Thailand,2024-12-31,M,26,383,106,555,0.11,0.02,15.87,100.9925
Thailand,2024-12-31,F,66,2106,353,2881,0.35,0.0,15.87,100.9925
Thailand,2025-12-31,M,36,131,21,128,0.02,0.0,15.87,100.9925
Thailand,2025-12-31,F,27,2037,547,1773,0.55,0.22,15.87,100.9925
Thailand,2026-12-31,M,45,269,43,410,0.04,0.02,15.87,100.9925
Thailand,2026-12-31,F,37,3967,719,2349,0.72,0.09,15.87,100.9925
Vietnam,2017-12-31,M,73,119,29,6,0.03,0.0,14.0583,108.2772
Vietnam,2017-12-31,F,26,260,24,32,0.02,0.01,14.0583,108.2772
Vietnam,2018-12-31,M,52,191,20,23,0.02,0.01,14.0583,108.2772
Vietnam,2018-12-31,F,67,149,11,24,0.01,0.0,14.0583,108.2772
Vietnam,2019-12-31,M,55,41242,10984,36492,10.98,2.37,14.0583,108.2772
Vietnam,2019-12-31,F,52,18211,1091,6587,1.09,0.41,14.0583,108.2772
Vietnam,2020-12-31,M,30,54841,8553,27902,8.55,3.07,14.0583,108.2772
Vietnam,2020-12-31,F,36,54927,6152,12238,6.15,1.36,14.0583,108.2772
Vietnam,2021-12-31,M,64,59376,14440,112910,14.44,3.12,14.0583,108.2772
Vietnam,2021-12-31,F,64,22504,5261,31006,5.26,0.56,14.0583,108.2772
Vietnam,2022-12-31,M,26,44312,13189,57619,13.19,3.31,14.0583,108.2772
Vietnam,2022-12-31,F,46,5386,331,3884,0.33,0.12,14.0583,108.2772
Vietnam,2023-12-31,M,30,11411,1210,9900,1.21,0.15,14.0583,108.2772
Vietnam,2023-12-31,F,21,39470,11057,28738,11.06,4.93,14.0583,108.2772
Vietnam,2024-12-31,M,62,1741,405,1266,0.41,0.05,14.0583,108.2772
Vietnam,2024-12-31,F,82,4051,255,7333,0.26,0.01,14.0583,108.2772
Vietnam,2025-12-31,M,41,1148,203,820,0.2,0.1,14.0583,108.2772
Vietnam,2025-12-31,F,29,1514,29,2195,0.03,0.01,14.0583,108.2772
Vietnam,2026-12-31,M,70,1618,71,1394,0.07,0.03,14.0583,108.2772
Vietnam,2026-12-31,F,59,2828,105,2048,0.1,0.03,14.0583,108.2772
Malaysia,2017-12-31,M,41,92,3,12,0.0,0.0,4.2105,101.9758
Malaysia,2017-12-31,F,81,289,49,159,0.05,0.02,4.2105,101.9758
Malaysia,2018-12-31,M,20,111,29,48,0.03,0.01,4.2105,101.9758
Malaysia,2018-12-31,F,45,153,2,61,0.0,0.0,4.2105,101.9758
Malaysia,2019-12-31,M,28,17876,4120,16703,4.12,1.78,4.2105,101.9758
Malaysia,2019-12-31,F,75,21888,6275,7709,6.28,2.9,4.2105,101.9758
Malaysia,2020-12-31,M,65,24758,1978,6962,1.98,0.78,4.2105,101.9758
Malaysia,2020-12-31,F,74,46481,7683,35519,7.68,1.06,4.2105,101.9758
Malaysia,2021-12-31,M,50,58704,5424,113135,5.42,1.55,4.2105,101.9758
Malaysia,2021-12-31,F,24,35548,3565,53198,3.56,0.14,4.2105,101.9758
Malaysia,2022-12-31,M,32,61178,15532,61109,15.53,0.29,4.2105,101.9758
Malaysia,2022-12-31,F,54,45319,679,58254,0.68,0.1,4.2105,101.9758
Malaysia,2023-12-31,M,46,59755,9182,38297,9.18,4.17,4.2105,101.9758
Malaysia,2023-12-31,F,44,5505,156,7549,0.16,0.02,4.2105,101.9758
Malaysia,2024-12-31,M,84,358,34,298,0.03,0.0,4.2105,101.9758
Malaysia,2024-12-31,F,54,445,26,874,0.03,0.01,4.2105,101.9758
Malaysia,2025-12-31,M,23,2895,322,4615,0.32,0.09,4.2105,101.9758
Malaysia,2025-12-31,F,37,2406,422,1984,0.42,0.08,4.2105,101.9758
Malaysia,2026-12-31,M,53,950,37,892,0.04,0.0,4.2105,101.9758
Malaysia,2026-12-31,F,55,276,80,501,0.08,0.04,4.2105,101.9758
Philippines,2017-12-31,M,39,139,18,37,0.02,0.0,12.8797,121.774
Philippines,2017-12-31,F,29,101,7,25,0.01,0.0,12.8797,121.774
Philippines,2018-12-31,M,84,191,32,15,0.03,0.01,12.8797,121.774
Philippines,2018-12-31,F,57,158,10,70,0.01,0.0,12.8797,121.774
Philippines,2019-12-31,M,43,23220,5243,11683,5.24,0.15,12.8797,121.774
Philippines,2019-12-31,F,61,42446,12725,5719,12.72,4.91,12.8797,121.774
Philippines,2020-12-31,M,43,17934,1211,1642,1.21,0.03,12.8797,121.774
Philippines,2020-12-31,F,42,53755,901,22417,0.9,0.27,12.8797,121.774
Philippines,2021-12-31,M,88,31022,906,41110,0.91,0.01,12.8797,121.774
Philippines,2021-12-31,F,53,65950,14969,55018,14.97,1.68,12.8797,121.774
Philippines,2022-12-31,M,49,69894,14911,65751,14.91,1.84,12.8797,121.774
Philippines,2022-12-31,F,22,18237,1387,14464,1.39,0.01,12.8797,121.774
Philippines,2023-12-31,M,90,53439,14905,32623,14.9,0.77,12.8797,121.774
Philippines,2023-12-31,F,77,20970,2862,30936,2.86,1.01,12.8797,121.774
Philippines,2024-12-31,M,52,3607,724,5746,0.72,0.04,12.8797,121.774
Philippines,2024-12-31,F,38,1896,317,1414,0.32,0.07,12.8797,121.774
Philippines,2025-12-31,M,56,2891,457,4545,0.46,0.23,12.8797,121.774
Philippines,2025-12-31,F,78,1801,343,2988,0.34,0.06,12.8797,121.774
Philippines,2026-12-31,M,78,137,34,147,0.03,0.02,12.8797,121.774
Philippines,2026-12-31,F,59,2610,607,3994,0.61,0.29,12.8797,121.774
Saudi Arabia,2017-12-31,M,21,75,15,3,0.01,0.0,23.8859,45.0792
Saudi Arabia,2017-12-31,F,36,492,113,171,0.11,0.04,23.8859,45.0792
Saudi Arabia,2018-12-31,M,71,399,70,37,0.07,0.01,23.8859,45.0792
Saudi Arabia,2018-12-31,F,61,40,6,29,0.01,0.0,23.8859,45.0792
Saudi Arabia,2019-12-31,M,71,49604,4370,21512,4.37,0.45,23.8859,45.0792
Saudi Arabia,2019-12-31,F,70,69253,15283,451,15.28,3.98,23.8859,45.0792
Saudi Arabia,2020-12-31,M,21,56147,15071,13476,15.07,1.28,23.8859,45.0792
Saudi Arabia,2020-12-31,F,73,49974,3555,20803,3.56,0.57,23.8859,45.0792
Saudi Arabia,2021-12-31,M,41,23129,3554,37048,3.55,1.66,23.8859,45.0792
Saudi Arabia,2021-12-31,F,42,35349,3179,31106,3.18,0.64,23.8859,45.0792
Saudi Arabia,2022-12-31,M,78,18722,3224,15673,3.22,0.17,23.8859,45.0792
Saudi Arabia,2022-12-31,F,45,58238,8394,109207,8.39,2.61,23.8859,45.0792
Saudi Arabia,2023-12-31,M,77,5950,968,7640,0.97,0.1,23.8859,45.0792
Saudi Arabia,2023-12-31,F,78,24112,3269,20736,3.27,0.37,23.8859,45.0792
Saudi Arabia,2024-12-31,M,33,191,12,217,0.01,0.0,23.8859,45.0792
Saudi Arabia,2024-12-31,F,62,329,70,186,0.07,0.02,23.8859,45.0792
Saudi Arabia,2025-12-31,M,62,3273,905,3863,0.91,0.33,23.8859,45.0792
Saudi Arabia,2025-12-31,F,81,1130,217,1735,0.22,0.08,23.8859,45.0792
Saudi Arabia,2026-12-31,M,34,4688,927,3538,0.93,0.09,23.8859,45.0792
Saudi Arabia,2026-12-31,F,75,784,72,1130,0.07,0.03,23.8859,45.0792
UAE,2017-12-31,M,41,139,29,135,0.03,0.0,23.4241,53.8478
UAE,2017-12-31,F,26,444,110,332,0.11,0.02,23.4241,53.8478
UAE,2018-12-31,M,39,336,62,96,0.06,0.01,23.4241,53.8478
UAE,2018-12-31,F,62,193,21,26,0.02,0.01,23.4241,53.8478
UAE,2019-12-31,M,51,54979,14402,52045,14.4,5.0,23.4241,53.8478
UAE,2019-12-31,F,70,28875,6552,7940,6.55,0.35,23.4241,53.8478
UAE,2020-12-31,M,22,35818,7271,34442,7.27,0.87,23.4241,53.8478
UAE,2020-12-31,F,75,25491,2358,17597,2.36,0.75,23.4241,53.8478
UAE,2021-12-31,M,31,39622,4969,41347,4.97,1.68,23.4241,53.8478
UAE,2021-12-31,F,54,44583,5090,64588,5.09,2.39,23.4241,53.8478
UAE,2022-12-31,M,29,50304,5868,74715,5.87,0.47,23.4241,53.8478
UAE,2022-12-31,F,26,11284,664,12592,0.66,0.22,23.4241,53.8478
UAE,2023-12-31,M,61,38576,8701,60705,8.7,0.93,23.4241,53.8478
UAE,2023-12-31,F,24,33068,7287,22243,7.29,3.62,23.4241,53.8478
UAE,2024-12-31,M,23,3681,517,1970,0.52,0.09,23.4241,53.8478
UAE,2024-12-31,F,37,2919,267,3707,0.27,0.12,23.4241,53.8478
UAE,2025-12-31,M,41,4288,574,7255,0.57,0.21,23.4241,53.8478
UAE,2025-12-31,F,69,2791,508,5348,0.51,0.18,23.4241,53.8478
UAE,2026-12-31,M,55,2527,109,3615,0.11,0.02,23.4241,53.8478
UAE,2026-12-31,F,78,916,237,1261,0.24,0.03,23.4241,53.8478
Netherlands,2017-12-31,M,49,259,9,242,0.01,0.0,52.1326,5.2913
Netherlands,2017-12-31,F,73,257,46,87,0.05,0.0,52.1326,5.2913
Netherlands,2018-12-31,M,28,489,114,388,0.11,0.04,52.1326,5.2913
Netherlands,2018-12-31,F,77,33,0,21,0.0,0.0,52.1326,5.2913
Netherlands,2019-12-31,M,83,57713,16935,45726,16.93,7.12,52.1326,5.2913
Netherlands,2019-12-31,F,67,57714,6083,21466,6.08,2.15,52.1326,5.2913
Netherlands,2020-12-31,M,50,66255,11321,11432,11.32,0.66,52.1326,5.2913
Netherlands,2020-12-31,F,85,52735,11825,8175,11.82,0.76,52.1326,5.2913
Netherlands,2021-12-31,M,34,10670,2049,20384,2.05,0.97,52.1326,5.2913
Netherlands,2021-12-31,F,27,21522,3904,30772,3.9,1.33,52.1326,5.2913
Netherlands,2022-12-31,M,59,21058,4520,15018,4.52,0.92,52.1326,5.2913
Netherlands,2022-12-31,F,64,61795,14449,54227,14.45,6.88,52.1326,5.2913
Netherlands,2023-12-31,M,36,69464,19742,68888,19.74,4.64,52.1326,5.2913
Netherlands,2023-12-31,F,89,45714,11148,31260,11.15,1.57,52.1326,5.2913
Netherlands,2024-12-31,M,42,2848,672,4264,0.67,0.18,52.1326,5.2913
Netherlands,2024-12-31,F,68,2535,685,1675,0.69,0.28,52.1326,5.2913
Netherlands,2025-12-31,M,42,4225,260,5726,0.26,0.13,52.1326,5.2913
Netherlands,2025-12-31,F,61,4989,760,7146,0.76,0.33,52.1326,5.2913
Netherlands,2026-12-31,M,70,4535,1085,8346,1.08,0.37,52.1326,5.2913
Netherlands,2026-12-31,F,37,4030,87,8033,0.09,0.04,52.1326,5.2913
Belgium,2017-12-31,M,66,176,48,14,0.05,0.0,50.5039,4.4699
Belgium,2017-12-31,F,50,279,13,25,0.01,0.0,50.5039,4.4699
Belgium,2018-12-31,M,79,96,4,43,0.0,0.0,50.5039,4.4699
Belgium,2018-12-31,F,58,402,90,212,0.09,0.04,50.5039,4.4699
Belgium,2019-12-31,M,76,9417,965,5154,0.96,0.43,50.5039,4.4699
Belgium,2019-12-31,F,41,18832,5033,77,5.03,0.91,50.5039,4.4699
Belgium,2020-12-31,M,25,39117,10860,38061,10.86,3.63,50.5039,4.4699
Belgium,2020-12-31,F,71,44396,4586,5657,4.59,0.17,50.5039,4.4699
Belgium,2021-12-31,M,24,40471,3709,27463,3.71,1.56,50.5039,4.4699
Belgium,2021-12-31,F,81,17831,1712,32611,1.71,0.54,50.5039,4.4699
Belgium,2022-12-31,M,77,29832,8846,19214,8.85,1.38,50.5039,4.4699
Belgium,2022-12-31,F,20,16834,4676,9098,4.68,0.02,50.5039,4.4699
Belgium,2023-12-31,M,58,65109,6686,119050,6.69,3.18,50.5039,4.4699
Belgium,2023-12-31,F,85,51047,8895,60794,8.89,4.06,50.5039,4.4699
Belgium,2024-12-31,M,23,3474,656,1752,0.66,0.08,50.5039,4.4699
Belgium,2024-12-31,F,50,196,9,290,0.01,0.0,50.5039,4.4699
Belgium,2025-12-31,M,39,1746,269,2489,0.27,0.12,50.5039,4.4699
Belgium,2025-12-31,F,23,3549,586,1991,0.59,0.12,50.5039,4.4699
Belgium,2026-12-31,M,42,2016,402,2951,0.4,0.16,50.5039,4.4699
Belgium,2026-12-31,F,87,1634,195,3020,0.2,0.06,50.5039,4.4699
Sweden,2017-12-31,M,84,44,9,11,0.01,0.0,60.1282,18.6435
Sweden,2017-12-31,F,77,189,44,157,0.04,0.01,60.1282,18.6435
Sweden,2018-12-31,M,57,471,16,30,0.02,0.0,60.1282,18.6435
Sweden,2018-12-31,F,27,435,28,345,0.03,0.0,60.1282,18.6435
Sweden,2019-12-31,M,64,51174,8458,3614,8.46,1.67,60.1282,18.6435
Sweden,2019-12-31,F,72,40626,6317,10696,6.32,0.36,60.1282,18.6435
Sweden,2020-12-31,M,25,34033,4908,27224,4.91,1.93,60.1282,18.6435
Sweden,2020-12-31,F,76,58908,11893,37996,11.89,2.1,60.1282,18.6435
Sweden,2021-12-31,M,81,54675,5449,30324,5.45,0.26,60.1282,18.6435
Sweden,2021-12-31,F,85,39682,3100,61514,3.1,0.78,60.1282,18.6435
Sweden,2022-12-31,M,48,9431,1332,18618,1.33,0.25,60.1282,18.6435
Sweden,2022-12-31,F,74,62178,706,47308,0.71,0.01,60.1282,18.6435
Sweden,2023-12-31,M,68,8183,326,5642,0.33,0.11,60.1282,18.6435
Sweden,2023-12-31,F,80,41924,7875,34537,7.88,0.32,60.1282,18.6435
Sweden,2024-12-31,M,42,4659,1012,9068,1.01,0.43,60.1282,18.6435
Sweden,2024-12-31,F,45,4239,532,3220,0.53,0.14,60.1282,18.6435
Sweden,2025-12-31,M,82,1593,398,1413,0.4,0.14,60.1282,18.6435
Sweden,2025-12-31,F,56,4232,1259,7785,1.26,0.21,60.1282,18.6435
Sweden,2026-12-31,M,30,582,96,700,0.1,0.03,60.1282,18.6435
Sweden,2026-12-31,F,67,1295,32,2473,0.03,0.01,60.1282,18.6435
Norway,2017-12-31,M,28,240,34,95,0.03,0.01,60.472,8.4689
Norway,2017-12-31,F,77,472,88,273,0.09,0.04,60.472,8.4689
Norway,2018-12-31,M,51,383,56,79,0.06,0.02,60.472,8.4689
Norway,2018-12-31,F,55,460,96,338,0.1,0.01,60.472,8.4689
Norway,2019-12-31,M,85,22337,2458,7918,2.46,0.79,60.472,8.4689
Norway,2019-12-31,F,40,6160,1192,1147,1.19,0.26,60.472,8.4689
Norway,2020-12-31,M,80,58862,8613,46530,8.61,4.17,60.472,8.4689
Norway,2020-12-31,F,21,55849,14471,44470,14.47,1.24,60.472,8.4689
Norway,2021-12-31,M,27,11602,2570,19927,2.57,0.29,60.472,8.4689
Norway,2021-12-31,F,72,7996,2028,6526,2.03,0.17,60.472,8.4689
Norway,2022-12-31,M,36,58340,1708,73976,1.71,0.56,60.472,8.4689
Norway,2022-12-31,F,71,61339,14594,44840,14.59,2.49,60.472,8.4689
Norway,2023-12-31,M,65,65363,7295,93500,7.29,2.83,60.472,8.4689
Norway,2023-12-31,F,71,32339,5726,25597,5.73,2.68,60.472,8.4689
Norway,2024-12-31,M,74,2970,491,4470,0.49,0.13,60.472,8.4689
Norway,2024-12-31,F,24,311,57,267,0.06,0.03,60.472,8.4689
Norway,2025-12-31,M,73,3100,921,3300,0.92,0.05,60.472,8.4689
Norway,2025-12-31,F,47,713,28,939,0.03,0.01,60.472,8.4689
Norway,2026-12-31,M,47,4795,732,2406,0.73,0.17,60.472,8.4689
Norway,2026-12-31,F,48,2489,615,2985,0.61,0.27,60.472,8.4689
Denmark,2017-12-31,M,27,356,35,356,0.04,0.02,56.2639,9.5018
Denmark,2017-12-31,F,36,336,54,117,0.05,0.02,56.2639,9.5018
Denmark,2018-12-31,M,26,281,26,32,0.03,0.01,56.2639,9.5018
Denmark,2018-12-31,F,24,115,32,83,0.03,0.01,56.2639,9.5018
Denmark,2019-12-31,M,85,45395,8709,33044,8.71,1.64,56.2639,9.5018
Denmark,2019-12-31,F,24,50224,4520,28538,4.52,1.58,56.2639,9.5018
Denmark,2020-12-31,M,30,10019,288,4220,0.29,0.06,56.2639,9.5018
Denmark,2020-12-31,F,72,68291,5153,38240,5.15,0.63,56.2639,9.5018
Denmark,2021-12-31,M,37,10928,1567,5825,1.57,0.46,56.2639,9.5018
Denmark,2021-12-31,F,73,7394,2052,7837,2.05,0.68,56.2639,9.5018
Denmark,2022-12-31,M,73,29501,2922,36455,2.92,0.55,56.2639,9.5018
Denmark,2022-12-31,F,40,61703,6210,54071,6.21,0.06,56.2639,9.5018
Denmark,2023-12-31,M,68,26901,4356,50125,4.36,0.42,56.2639,9.5018
Denmark,2023-12-31,F,77,62013,16174,49937,16.17,0.97,56.2639,9.5018
Denmark,2024-12-31,M,70,2094,519,3987,0.52,0.09,56.2639,9.5018
Denmark,2024-12-31,F,81,4020,1032,3190,1.03,0.37,56.2639,9.5018
Denmark,2025-12-31,M,45,437,90,770,0.09,0.04,56.2639,9.5018
Denmark,2025-12-31,F,27,708,33,782,0.03,0.01,56.2639,9.5018
Denmark,2026-12-31,M,88,316,36,238,0.04,0.02,56.2639,9.5018
Denmark,2026-12-31,F,81,4566,477,6129,0.48,0.21,56.2639,9.5018
Finland,2017-12-31,M,62,434,106,70,0.11,0.0,61.9241,25.7482
Finland,2017-12-31,F,63,37,2,35,0.0,0.0,61.9241,25.7482
Finland,2018-12-31,M,42,104,18,51,0.02,0.01,61.9241,25.7482
Finland,2018-12-31,F,49,439,53,224,0.05,0.02,61.9241,25.7482
Finland,2019-12-31,M,80,31104,575,9614,0.57,0.12,61.9241,25.7482
Finland,2019-12-31,F,49,18335,2326,16432,2.33,0.03,61.9241,25.7482
Finland,2020-12-31,M,72,16394,1459,15999,1.46,0.52,61.9241,25.7482
Finland,2020-12-31,F,86,30333,452,11766,0.45,0.13,61.9241,25.7482
Finland,2021-12-31,M,25,30059,4828,20142,4.83,2.18,61.9241,25.7482
Finland,2021-12-31,F,44,52097,9048,81736,9.05,2.15,61.9241,25.7482
Finland,2022-12-31,M,59,51867,9442,72255,9.44,2.14,61.9241,25.7482
Finland,2022-12-31,F,21,65679,1881,40024,1.88,0.14,61.9241,25.7482
Finland,2023-12-31,M,43,19061,4578,33608,4.58,0.82,61.9241,25.7482
Finland,2023-12-31,F,73,57172,12353,68999,12.35,5.18,61.9241,25.7482
Finland,2024-12-31,M,50,126,12,168,0.01,0.0,61.9241,25.7482
Finland,2024-12-31,F,31,4212,386,3592,0.39,0.09,61.9241,25.7482
Finland,2025-12-31,M,86,2840,604,3576,0.6,0.12,61.9241,25.7482
Finland,2025-12-31,F,26,3265,677,5699,0.68,0.16,61.9241,25.7482
Finland,2026-12-31,M,23,4067,338,6918,0.34,0.12,61.9241,25.7482
Finland,2026-12-31,F,54,4724,350,7159,0.35,0.06,61.9241,25.7482
Poland,2017-12-31,M,34,319,39,209,0.04,0.01,51.9194,19.1451
Poland,2017-12-31,F,79,452,68,157,0.07,0.0,51.9194,19.1451
Poland,2018-12-31,M,58,300,57,195,0.06,0.0,51.9194,19.1451
Poland,2018-12-31,F,38,43,3,17,0.0,0.0,51.9194,19.1451
Poland,2019-12-31,M,77,56653,13212,11740,13.21,0.75,51.9194,19.1451
Poland,2019-12-31,F,23,37885,9522,19392,9.52,0.36,51.9194,19.1451
Poland,2020-12-31,M,51,41311,6144,15360,6.14,2.15,51.9194,19.1451
Poland,2020-12-31,F,38,43676,4104,664,4.1,1.36,51.9194,19.1451
Poland,2021-12-31,M,42,56835,15303,48610,15.3,2.65,51.9194,19.1451
Poland,2021-12-31,F,48,33155,4128,26636,4.13,1.84,51.9194,19.1451
Poland,2022-12-31,M,33,17545,2639,15505,2.64,1.19,51.9194,19.1451
Poland,2022-12-31,F,48,57921,14788,114775,14.79,2.36,51.9194,19.1451
Poland,2023-12-31,M,43,41888,2360,34530,2.36,0.47,51.9194,19.1451
Poland,2023-12-31,F,24,50141,3149,57361,3.15,0.87,51.9194,19.1451
Poland,2024-12-31,M,86,2894,69,1733,0.07,0.03,51.9194,19.1451
Poland,2024-12-31,F,87,1511,221,1937,0.22,0.03,51.9194,19.1451
Poland,2025-12-31,M,63,2048,387,1108,0.39,0.0,51.9194,19.1451
Poland,2025-12-31,F,52,3290,203,3392,0.2,0.05,51.9194,19.1451
Poland,2026-12-31,M,83,1688,309,1933,0.31,0.11,51.9194,19.1451
Poland,2026-12-31,F,40,4451,725,5689,0.72,0.35,51.9194,19.1451
Ukraine,2017-12-31,M,86,165,28,45,0.03,0.0,48.3794,31.1656
Ukraine,2017-12-31,F,83,383,16,278,0.02,0.01,48.3794,31.1656
Ukraine,2018-12-31,M,24,260,50,176,0.05,0.02,48.3794,31.1656
Ukraine,2018-12-31,F,83,275,16,122,0.02,0.0,48.3794,31.1656
Ukraine,2019-12-31,M,87,37548,3463,34173,3.46,0.69,48.3794,31.1656
Ukraine,2019-12-31,F,21,59088,14240,44159,14.24,2.35,48.3794,31.1656
Ukraine,2020-12-31,M,23,47470,10278,36690,10.28,5.13,48.3794,31.1656
Ukraine,2020-12-31,F,53,53434,8406,40454,8.41,3.86,48.3794,31.1656
Ukraine,2021-12-31,M,48,42303,6464,78833,6.46,0.43,48.3794,31.1656
Ukraine,2021-12-31,F,21,54669,12984,82690,12.98,2.83,48.3794,31.1656
Ukraine,2022-12-31,M,21,56350,5775,51764,5.78,0.42,48.3794,31.1656
Ukraine,2022-12-31,F,77,58682,8043,56620,8.04,2.76,48.3794,31.1656
Ukraine,2023-12-31,M,34,25005,2618,12728,2.62,0.17,48.3794,31.1656
Ukraine,2023-12-31,F,46,46397,5878,25293,5.88,1.69,48.3794,31.1656
Ukraine,2024-12-31,M,82,2378,101,2280,0.1,0.01,48.3794,31.1656
Ukraine,2024-12-31,F,29,890,112,723,0.11,0.03,48.3794,31.1656
Ukraine,2025-12-31,M,42,2700,359,2146,0.36,0.06,48.3794,31.1656
Ukraine,2025-12-31,F,65,4575,1272,3803,1.27,0.32,48.3794,31.1656
Ukraine,2026-12-31,M,72,1657,41,920,0.04,0.02,48.3794,31.1656
Ukraine,2026-12-31,F,61,2543,174,2049,0.17,0.01,48.3794,31.1656
Greece,2017-12-31,M,32,395,50,57,0.05,0.01,39.0742,21.8243
Greece,2017-12-31,F,42,477,57,170,0.06,0.01,39.0742,21.8243
Greece,2018-12-31,M,57,366,12,31,0.01,0.0,39.0742,21.8243
Greece,2018-12-31,F,62,94,23,89,0.02,0.0,39.0742,21.8243
Greece,2019-12-31,M,49,50954,3979,49854,3.98,0.77,39.0742,21.8243
Greece,2019-12-31,F,86,31851,727,7036,0.73,0.11,39.0742,21.8243
Greece,2020-12-31,M,39,27623,6844,15975,6.84,0.79,39.0742,21.8243
Greece,2020-12-31,F,76,25642,4432,13447,4.43,0.97,39.0742,21.8243
Greece,2021-12-31,M,85,20687,1845,13018,1.84,0.86,39.0742,21.8243
Greece,2021-12-31,F,26,18330,3146,34362,3.15,0.74,39.0742,21.8243
Greece,2022-12-31,M,52,33927,1121,29893,1.12,0.19,39.0742,21.8243
Greece,2022-12-31,F,23,42978,10140,70607,10.14,4.64,39.0742,21.8243
Greece,2023-12-31,M,22,27633,2688,40609,2.69,1.29,39.0742,21.8243
Greece,2023-12-31,F,80,16156,1076,13655,1.08,0.01,39.0742,21.8243
Greece,2024-12-31,M,23,3978,257,4227,0.26,0.01,39.0742,21.8243
Greece,2024-12-31,F,32,3019,711,5778,0.71,0.26,39.0742,21.8243
Greece,2025-12-31,M,46,293,18,560,0.02,0.0,39.0742,21.8243
Greece,2025-12-31,F,68,1350,243,1311,0.24,0.02,39.0742,21.8243
Greece,2026-12-31,M,69,4092,845,5892,0.84,0.2,39.0742,21.8243
Greece,2026-12-31,F,35,3164,707,3674,0.71,0.25,39.0742,21.8243
Portugal,2017-12-31,M,38,438,106,286,0.11,0.05,39.3999,-8.2245
Portugal,2017-12-31,F,29,72,19,10,0.02,0.01,39.3999,-8.2245
Portugal,2018-12-31,M,41,236,57,190,0.06,0.02,39.3999,-8.2245
Portugal,2018-12-31,F,75,163,11,38,0.01,0.01,39.3999,-8.2245
Portugal,2019-12-31,M,47,15141,2567,5761,2.57,0.45,39.3999,-8.2245
Portugal,2019-12-31,F,29,33511,9666,28276,9.67,3.64,39.3999,-8.2245
Portugal,2020-12-31,M,82,60922,2617,43572,2.62,0.79,39.3999,-8.2245
Portugal,2020-12-31,F,53,53658,7943,31867,7.94,3.91,39.3999,-8.2245
Portugal,2021-12-31,M,46,20843,5740,33273,5.74,1.82,39.3999,-8.2245
Portugal,2021-12-31,F,71,65175,3044,123923,3.04,0.17,39.3999,-8.2245
Portugal,2022-12-31,M,66,46523,2188,60006,2.19,0.8,39.3999,-8.2245
Portugal,2022-12-31,F,80,42819,429,44798,0.43,0.09,39.3999,-8.2245
Portugal,2023-12-31,M,32,37258,10211,48577,10.21,2.42,39.3999,-8.2245
Portugal,2023-12-31,F,49,51408,13300,33866,13.3,1.41,39.3999,-8.2245
Portugal,2024-12-31,M,53,128,16,224,0.02,0.0,39.3999,-8.2245
Portugal,2024-12-31,F,86,2781,266,3186,0.27,0.02,39.3999,-8.2245
Portugal,2025-12-31,M,38,4046,1072,5009,1.07,0.52,39.3999,-8.2245
Portugal,2025-12-31,F,73,3683,407,4782,0.41,0.01,39.3999,-8.2245
Portugal,2026-12-31,M,40,4043,1199,7197,1.2,0.24,39.3999,-8.2245
Portugal,2026-12-31,F,37,1228,166,1639,0.17,0.06,39.3999,-8.2245
Switzerland,2017-12-31,M,53,342,51,76,0.05,0.01,46.8182,8.2275
Switzerland,2017-12-31,F,36,236,63,221,0.06,0.0,46.8182,8.2275
Switzerland,2018-12-31,M,44,53,7,8,0.01,0.0,46.8182,8.2275
Switzerland,2018-12-31,F,65,358,97,143,0.1,0.05,46.8182,8.2275
Switzerland,2019-12-31,M,40,7423,2214,2812,2.21,0.93,46.8182,8.2275
Switzerland,2019-12-31,F,87,7249,1347,1550,1.35,0.14,46.8182,8.2275
Switzerland,2020-12-31,M,46,8134,618,2728,0.62,0.13,46.8182,8.2275
Switzerland,2020-12-31,F,87,27730,4256,18475,4.26,0.15,46.8182,8.2275
Switzerland,2021-12-31,M,74,64571,3034,91132,3.03,0.5,46.8182,8.2275
Switzerland,2021-12-31,F,55,65353,17615,99946,17.61,1.25,46.8182,8.2275
Switzerland,2022-12-31,M,29,65666,13785,127088,13.79,4.21,46.8182,8.2275
Switzerland,2022-12-31,F,90,27951,7748,38124,7.75,1.58,46.8182,8.2275
Switzerland,2023-12-31,M,21,49884,8200,42239,8.2,2.41,46.8182,8.2275
Switzerland,2023-12-31,F,62,67820,6748,87257,6.75,1.62,46.8182,8.2275
Switzerland,2024-12-31,M,85,1657,52,2742,0.05,0.0,46.8182,8.2275
Switzerland,2024-12-31,F,78,605,48,549,0.05,0.02,46.8182,8.2275
Switzerland,2025-12-31,M,40,4133,1003,7122,1.0,0.43,46.8182,8.2275
Switzerland,2025-12-31,F,85,4246,448,8009,0.45,0.14,46.8182,8.2275
Switzerland,2026-12-31,M,60,149,22,124,0.02,0.01,46.8182,8.2275
Switzerland,2026-12-31,F,66,383,48,233,0.05,0.02,46.8182,8.2275
Austria,2017-12-31,M,82,388,57,7,0.06,0.03,47.5162,14.5501
Austria,2017-12-31,F,67,499,75,376,0.07,0.04,47.5162,14.5501
Austria,2018-12-31,M,65,331,90,307,0.09,0.04,47.5162,14.5501
Austria,2018-12-31,F,54,182,21,76,0.02,0.0,47.5162,14.5501
Austria,2019-12-31,M,46,25308,3190,20311,3.19,1.05,47.5162,14.5501
Austria,2019-12-31,F,59,51181,1011,34209,1.01,0.39,47.5162,14.5501
Austria,2020-12-31,M,60,49652,7783,35260,7.78,2.73,47.5162,14.5501
Austria,2020-12-31,F,90,68697,14934,13201,14.93,2.27,47.5162,14.5501
Austria,2021-12-31,M,29,6865,1144,13574,1.14,0.09,47.5162,14.5501
Austria,2021-12-31,F,38,52511,8218,48806,8.22,1.63,47.5162,14.5501
Austria,2022-12-31,M,32,21191,4196,35871,4.2,1.49,47.5162,14.5501
Austria,2022-12-31,F,71,21028,4063,28166,4.06,0.84,47.5162,14.5501
Austria,2023-12-31,M,90,17864,2713,32245,2.71,0.52,47.5162,14.5501
Austria,2023-12-31,F,39,16873,1144,25788,1.14,0.39,47.5162,14.5501
Austria,2024-12-31,M,39,1314,145,2519,0.14,0.05,47.5162,14.5501
Austria,2024-12-31,F,71,2954,342,5447,0.34,0.11,47.5162,14.5501
Austria,2025-12-31,M,41,1999,66,2679,0.07,0.02,47.5162,14.5501
Austria,2025-12-31,F,73,2770,198,4490,0.2,0.03,47.5162,14.5501
Austria,2026-12-31,M,46,435,57,863,0.06,0.02,47.5162,14.5501
Austria,2026-12-31,F,56,197,53,385,0.05,0.01,47.5162,14.5501
New Zealand,2017-12-31,M,58,86,5,30,0.01,0.0,-40.9006,174.886
New Zealand,2017-12-31,F,34,220,17,150,0.02,0.01,-40.9006,174.886
New Zealand,2018-12-31,M,37,330,83,292,0.08,0.0,-40.9006,174.886
New Zealand,2018-12-31,F,42,153,25,47,0.03,0.0,-40.9006,174.886
New Zealand,2019-12-31,M,54,43588,9941,3803,9.94,3.35,-40.9006,174.886
New Zealand,2019-12-31,F,21,47124,13770,45376,13.77,3.67,-40.9006,174.886
New Zealand,2020-12-31,M,33,37736,9660,15007,9.66,1.37,-40.9006,174.886
New Zealand,2020-12-31,F,57,7676,1774,4794,1.77,0.85,-40.9006,174.886
New Zealand,2021-12-31,M,41,36232,10076,37365,10.08,0.94,-40.9006,174.886
New Zealand,2021-12-31,F,51,37686,2110,63204,2.11,0.84,-40.9006,174.886
New Zealand,2022-12-31,M,84,63034,4652,51012,4.65,2.12,-40.9006,174.886
New Zealand,2022-12-31,F,63,44995,13048,40121,13.05,1.42,-40.9006,174.886
New Zealand,2023-12-31,M,30,40997,1277,27529,1.28,0.48,-40.9006,174.886
New Zealand,2023-12-31,F,75,68379,8862,128243,8.86,4.19,-40.9006,174.886
New Zealand,2024-12-31,M,89,3282,633,5217,0.63,0.24,-40.9006,174.886
New Zealand,2024-12-31,F,40,3654,840,3760,0.84,0.2,-40.9006,174.886
New Zealand,2025-12-31,M,87,4172,190,5124,0.19,0.07,-40.9006,174.886
New Zealand,2025-12-31,F,57,102,28,160,0.03,0.01,-40.9006,174.886
New Zealand,2026-12-31,M,24,3115,389,5182,0.39,0.05,-40.9006,174.886
New Zealand,2026-12-31,F,39,3567,287,2267,0.29,0.04,-40.9006,174.886
Singapore,2017-12-31,M,54,203,46,4,0.05,0.02,1.3521,103.8198
Singapore,2017-12-31,F,62,266,49,246,0.05,0.01,1.3521,103.8198
Singapore,2018-12-31,M,49,208,31,16,0.03,0.01,1.3521,103.8198
Singapore,2018-12-31,F,66,362,8,178,0.01,0.0,1.3521,103.8198
Singapore,2019-12-31,M,69,10845,644,2193,0.64,0.18,1.3521,103.8198
Singapore,2019-12-31,F,55,18688,4611,9303,4.61,1.41,1.3521,103.8198
Singapore,2020-12-31,M,33,59781,633,47900,0.63,0.1,1.3521,103.8198
Singapore,2020-12-31,F,60,29454,3656,20216,3.66,0.8,1.3521,103.8198
Singapore,2021-12-31,M,58,35661,9273,28752,9.27,1.13,1.3521,103.8198
Singapore,2021-12-31,F,41,62273,13091,41984,13.09,1.85,1.3521,103.8198
Singapore,2022-12-31,M,30,49493,9069,69863,9.07,2.06,1.3521,103.8198
Singapore,2022-12-31,F,57,48220,10768,52797,10.77,0.01,1.3521,103.8198
Singapore,2023-12-31,M,32,34050,8496,67631,8.5,1.52,1.3521,103.8198
Singapore,2023-12-31,F,46,6619,385,3357,0.39,0.17,1.3521,103.8198
Singapore,2024-12-31,M,72,1797,63,2650,0.06,0.02,1.3521,103.8198
Singapore,2024-12-31,F,80,4698,544,3109,0.54,0.06,1.3521,103.8198
Singapore,2025-12-31,M,65,308,64,379,0.06,0.02,1.3521,103.8198
Singapore,2025-12-31,F,80,4387,879,2447,0.88,0.2,1.3521,103.8198
Singapore,2026-12-31,M,84,446,67,756,0.07,0.02,1.3521,103.8198
Singapore,2026-12-31,F,62,2650,108,3843,0.11,0.05,1.3521,103.8198
Israel,2017-12-31,M,80,100,16,51,0.02,0.0,31.0461,34.8516
Israel,2017-12-31,F,42,105,24,58,0.02,0.0,31.0461,34.8516
Israel,2018-12-31,M,73,162,15,57,0.01,0.0,31.0461,34.8516
Israel,2018-12-31,F,85,350,72,64,0.07,0.03,31.0461,34.8516
Israel,2019-12-31,M,88,60144,16563,49927,16.56,7.52,31.0461,34.8516
Israel,2019-12-31,F,77,23243,977,15040,0.98,0.14,31.0461,34.8516
Israel,2020-12-31,M,27,67249,4238,60569,4.24,0.84,31.0461,34.8516
Israel,2020-12-31,F,77,5595,95,3955,0.1,0.03,31.0461,34.8516
Israel,2021-12-31,M,34,19817,3489,18945,3.49,1.47,31.0461,34.8516
Israel,2021-12-31,F,67,37225,4226,47398,4.23,0.06,31.0461,34.8516
Israel,2022-12-31,M,51,5949,573,5467,0.57,0.09,31.0461,34.8516
Israel,2022-12-31,F,23,18134,1033,25169,1.03,0.25,31.0461,34.8516
Israel,2023-12-31,M,27,28823,6056,28343,6.06,0.99,31.0461,34.8516
Israel,2023-12-31,F,66,31177,1107,53811,1.11,0.12,31.0461,34.8516
Israel,2024-12-31,M,71,1304,138,1417,0.14,0.04,31.0461,34.8516
Israel,2024-12-31,F,45,2993,496,3647,0.5,0.18,31.0461,34.8516
Israel,2025-12-31,M,37,4688,1053,7188,1.05,0.14,31.0461,34.8516
Israel,2025-12-31,F,85,2571,319,3892,0.32,0.01,31.0461,34.8516
Israel,2026-12-31,M,83,2954,576,3433,0.58,0.27,31.0461,34.8516
Israel,2026-12-31,F,25,3822,507,4930,0.51,0.21,31.0461,34.8516
Iraq,2017-12-31,M,67,383,29,65,0.03,0.01,33.2232,43.6793
Iraq,2017-12-31,F,45,60,2,14,0.0,0.0,33.2232,43.6793
Iraq,2018-12-31,M,70,201,59,76,0.06,0.01,33.2232,43.6793
Iraq,2018-12-31,F,75,246,29,241,0.03,0.0,33.2232,43.6793
Iraq,2019-12-31,M,85,12487,3374,11863,3.37,0.17,33.2232,43.6793
Iraq,2019-12-31,F,40,45921,5451,5894,5.45,0.63,33.2232,43.6793
Iraq,2020-12-31,M,71,56055,6275,48267,6.28,0.06,33.2232,43.6793
Iraq,2020-12-31,F,86,57995,14199,38262,14.2,6.0,33.2232,43.6793
Iraq,2021-12-31,M,41,60645,9394,30342,9.39,3.07,33.2232,43.6793
Iraq,2021-12-31,F,54,37288,9525,20263,9.53,1.44,33.2232,43.6793
Iraq,2022-12-31,M,48,7155,701,14019,0.7,0.3,33.2232,43.6793
Iraq,2022-12-31,F,44,65406,8367,127954,8.37,3.92,33.2232,43.6793
Iraq,2023-12-31,M,27,32720,558,33261,0.56,0.25,33.2232,43.6793
Iraq,2023-12-31,F,45,40185,7407,62414,7.41,0.03,33.2232,43.6793
Iraq,2024-12-31,M,84,2041,398,2354,0.4,0.02,33.2232,43.6793
Iraq,2024-12-31,F,44,907,98,1676,0.1,0.02,33.2232,43.6793
Iraq,2025-12-31,M,23,1468,219,2627,0.22,0.03,33.2232,43.6793
Iraq,2025-12-31,F,75,3312,724,5316,0.72,0.29,33.2232,43.6793
Iraq,2026-12-31,M,48,2890,820,4893,0.82,0.27,33.2232,43.6793
Iraq,2026-12-31,F,90,2333,101,1904,0.1,0.01,33.2232,43.6793
Afghanistan,2017-12-31,M,74,433,72,13,0.07,0.01,33.9391,67.71
Afghanistan,2017-12-31,F,68,37,2,2,0.0,0.0,33.9391,67.71
Afghanistan,2018-12-31,M,36,344,22,51,0.02,0.0,33.9391,67.71
Afghanistan,2018-12-31,F,87,473,129,123,0.13,0.04,33.9391,67.71
Afghanistan,2019-12-31,M,38,5623,1008,3087,1.01,0.22,33.9391,67.71
Afghanistan,2019-12-31,F,47,39688,5092,10468,5.09,1.9,33.9391,67.71
Afghanistan,2020-12-31,M,36,10402,2860,1144,2.86,1.37,33.9391,67.71
Afghanistan,2020-12-31,F,86,57332,8261,13995,8.26,1.31,33.9391,67.71
Afghanistan,2021-12-31,M,85,27797,3872,44974,3.87,0.61,33.9391,67.71
Afghanistan,2021-12-31,F,78,23654,4896,26410,4.9,0.28,33.9391,67.71
Afghanistan,2022-12-31,M,52,65746,5467,75424,5.47,1.58,33.9391,67.71
Afghanistan,2022-12-31,F,45,37512,9971,25484,9.97,2.13,33.9391,67.71
Afghanistan,2023-12-31,M,59,18248,572,32936,0.57,0.08,33.9391,67.71
Afghanistan,2023-12-31,F,30,46364,13820,80721,13.82,3.98,33.9391,67.71
Afghanistan,2024-12-31,M,88,3521,144,5133,0.14,0.05,33.9391,67.71
Afghanistan,2024-12-31,F,24,3574,40,6485,0.04,0.02,33.9391,67.71
Afghanistan,2025-12-31,M,55,1075,267,801,0.27,0.06,33.9391,67.71
Afghanistan,2025-12-31,F,41,2914,757,2141,0.76,0.06,33.9391,67.71
Afghanistan,2026-12-31,M,45,2616,129,2731,0.13,0.04,33.9391,67.71
Afghanistan,2026-12-31,F,66,519,19,716,0.02,0.01,33.9391,67.71
Bangladesh,2017-12-31,M,52,206,44,31,0.04,0.02,23.685,90.3563
Bangladesh,2017-12-31,F,22,303,47,262,0.05,0.01,23.685,90.3563
Bangladesh,2018-12-31,M,59,255,72,181,0.07,0.03,23.685,90.3563
Bangladesh,2018-12-31,F,27,208,19,15,0.02,0.01,23.685,90.3563
Bangladesh,2019-12-31,M,73,53169,2143,42242,2.14,0.14,23.685,90.3563
Bangladesh,2019-12-31,F,47,30702,922,28090,0.92,0.15,23.685,90.3563
Bangladesh,2020-12-31,M,46,29687,3723,21425,3.72,0.02,23.685,90.3563
Bangladesh,2020-12-31,F,22,11423,2896,3718,2.9,1.3,23.685,90.3563
Bangladesh,2021-12-31,M,32,39598,6710,20323,6.71,3.18,23.685,90.3563
Bangladesh,2021-12-31,F,48,44535,3933,44926,3.93,0.25,23.685,90.3563
Bangladesh,2022-12-31,M,71,31632,9366,61406,9.37,2.21,23.685,90.3563
Bangladesh,2022-12-31,F,73,38887,2914,62268,2.91,0.08,23.685,90.3563
Bangladesh,2023-12-31,M,66,39402,1136,40891,1.14,0.21,23.685,90.3563
Bangladesh,2023-12-31,F,34,51582,11433,35521,11.43,0.01,23.685,90.3563
Bangladesh,2024-12-31,M,68,2225,396,2052,0.4,0.06,23.685,90.3563
Bangladesh,2024-12-31,F,44,150,36,165,0.04,0.01,23.685,90.3563
Bangladesh,2025-12-31,M,60,2699,351,2347,0.35,0.17,23.685,90.3563
Bangladesh,2025-12-31,F,46,2235,258,4263,0.26,0.01,23.685,90.3563
Bangladesh,2026-12-31,M,58,1388,369,1987,0.37,0.02,23.685,90.3563
Bangladesh,2026-12-31,F,27,2565,90,3929,0.09,0.02,23.685,90.3563
Nepal,2017-12-31,M,40,442,63,285,0.06,0.02,28.3949,84.124
Nepal,2017-12-31,F,43,71,21,59,0.02,0.01,28.3949,84.124
Nepal,2018-12-31,M,35,456,69,412,0.07,0.01,28.3949,84.124
Nepal,2018-12-31,F,77,62,3,53,0.0,0.0,28.3949,84.124
Nepal,2019-12-31,M,53,35584,10667,13052,10.67,5.29,28.3949,84.124
Nepal,2019-12-31,F,30,62126,4677,13157,4.68,0.69,28.3949,84.124
Nepal,2020-12-31,M,26,58360,8102,36430,8.1,3.75,28.3949,84.124
Nepal,2020-12-31,F,22,41984,12478,38843,12.48,0.15,28.3949,84.124
Nepal,2021-12-31,M,66,67882,3310,49288,3.31,0.84,28.3949,84.124
Nepal,2021-12-31,F,25,48255,582,74649,0.58,0.03,28.3949,84.124
Nepal,2022-12-31,M,31,55949,5380,37921,5.38,1.21,28.3949,84.124
Nepal,2022-12-31,F,32,6508,663,5737,0.66,0.19,28.3949,84.124
Nepal,2023-12-31,M,58,15589,2112,18492,2.11,0.65,28.3949,84.124
Nepal,2023-12-31,F,27,48083,6468,52406,6.47,2.68,28.3949,84.124
Nepal,2024-12-31,M,71,4678,1085,4068,1.08,0.36,28.3949,84.124
Nepal,2024-12-31,F,63,1931,492,2251,0.49,0.2,28.3949,84.124
Nepal,2025-12-31,M,83,3913,408,4106,0.41,0.16,28.3949,84.124
Nepal,2025-12-31,F,27,2755,141,4170,0.14,0.02,28.3949,84.124
Nepal,2026-12-31,M,35,3216,694,2743,0.69,0.1,28.3949,84.124
Nepal,2026-12-31,F,87,1255,175,2349,0.17,0.03,28.3949,84.124
Bhutan,2017-12-31,M,29,258,44,125,0.04,0.02,27.5142,90.4336
Bhutan,2017-12-31,F,39,84,12,74,0.01,0.0,27.5142,90.4336
Bhutan,2018-12-31,M,29,22,6,20,0.01,0.0,27.5142,90.4336
Bhutan,2018-12-31,F,55,390,4,74,0.0,0.0,27.5142,90.4336
Bhutan,2019-12-31,M,53,48290,4394,48249,4.39,1.14,27.5142,90.4336
Bhutan,2019-12-31,F,90,39816,11433,13222,11.43,4.79,27.5142,90.4336
Bhutan,2020-12-31,M,89,13745,1483,4471,1.48,0.48,27.5142,90.4336
Bhutan,2020-12-31,F,30,34541,4609,625,4.61,0.34,27.5142,90.4336
Bhutan,2021-12-31,M,80,47364,11566,68703,11.57,0.65,27.5142,90.4336
Bhutan,2021-12-31,F,27,21119,5043,20642,5.04,1.71,27.5142,90.4336
Bhutan,2022-12-31,M,39,15576,4410,29161,4.41,1.99,27.5142,90.4336
Bhutan,2022-12-31,F,82,24031,3641,20738,3.64,0.75,27.5142,90.4336
Bhutan,2023-12-31,M,36,11066,1600,19681,1.6,0.5,27.5142,90.4336
Bhutan,2023-12-31,F,24,25834,1418,37492,1.42,0.68,27.5142,90.4336
Bhutan,2024-12-31,M,34,2593,767,5057,0.77,0.08,27.5142,90.4336
Bhutan,2024-12-31,F,49,448,11,838,0.01,0.0,27.5142,90.4336
Bhutan,2025-12-31,M,37,698,53,1008,0.05,0.0,27.5142,90.4336
Bhutan,2025-12-31,F,48,1909,244,3005,0.24,0.09,27.5142,90.4336
Bhutan,2026-12-31,M,51,4959,1484,6495,1.48,0.33,27.5142,90.4336
Bhutan,2026-12-31,F,69,3294,538,2205,0.54,0.23,27.5142,90.4336
Maldives,2017-12-31,M,30,418,54,145,0.05,0.0,3.2028,73.2207
Maldives,2017-12-31,F,66,307,50,210,0.05,0.02,3.2028,73.2207
Maldives,2018-12-31,M,56,433,16,49,0.02,0.0,3.2028,73.2207
Maldives,2018-12-31,F,53,484,124,146,0.12,0.04,3.2028,73.2207
Maldives,2019-12-31,M,78,22963,6164,12929,6.16,2.33,3.2028,73.2207
Maldives,2019-12-31,F,50,55131,12059,31818,12.06,4.52,3.2028,73.2207
Maldives,2020-12-31,M,35,46809,6094,368,6.09,0.99,3.2028,73.2207
Maldives,2020-12-31,F,67,26946,4136,25878,4.14,1.37,3.2028,73.2207
Maldives,2021-12-31,M,73,42898,3132,56681,3.13,1.17,3.2028,73.2207
Maldives,2021-12-31,F,83,68431,8704,98942,8.7,1.41,3.2028,73.2207
Maldives,2022-12-31,M,58,51779,3083,95104,3.08,0.2,3.2028,73.2207
Maldives,2022-12-31,F,64,34269,6784,22496,6.78,2.1,3.2028,73.2207
Maldives,2023-12-31,M,67,14087,1511,26975,1.51,0.57,3.2028,73.2207
Maldives,2023-12-31,F,46,35667,6647,46079,6.65,2.58,3.2028,73.2207
Maldives,2024-12-31,M,65,3052,32,5402,0.03,0.01,3.2028,73.2207
Maldives,2024-12-31,F,89,301,29,563,0.03,0.01,3.2028,73.2207
Maldives,2025-12-31,M,51,705,65,1296,0.07,0.01,3.2028,73.2207
Maldives,2025-12-31,F,33,3852,742,6135,0.74,0.31,3.2028,73.2207
Maldives,2026-12-31,M,26,3658,371,4570,0.37,0.05,3.2028,73.2207
Maldives,2026-12-31,F,85,3830,948,6587,0.95,0.31,3.2028,73.2207
Kuwait,2017-12-31,M,86,371,46,101,0.05,0.01,29.3759,47.9774
Kuwait,2017-12-31,F,68,340,52,90,0.05,0.0,29.3759,47.9774
Kuwait,2018-12-31,M,82,491,46,446,0.05,0.02,29.3759,47.9774
Kuwait,2018-12-31,F,47,257,33,225,0.03,0.0,29.3759,47.9774
Kuwait,2019-12-31,M,36,37603,1782,22910,1.78,0.25,29.3759,47.9774
Kuwait,2019-12-31,F,49,58912,15291,52436,15.29,5.24,29.3759,47.9774
Kuwait,2020-12-31,M,63,15238,3785,11917,3.79,0.23,29.3759,47.9774
Kuwait,2020-12-31,F,47,31215,1940,24728,1.94,0.63,29.3759,47.9774
Kuwait,2021-12-31,M,85,54463,10268,101355,10.27,4.58,29.3759,47.9774
Kuwait,2021-12-31,F,28,9494,1144,12052,1.14,0.24,29.3759,47.9774
Kuwait,2022-12-31,M,43,17784,772,33652,0.77,0.38,29.3759,47.9774
Kuwait,2022-12-31,F,68,45610,6042,63222,6.04,2.39,29.3759,47.9774
Kuwait,2023-12-31,M,51,56675,13283,70011,13.28,5.19,29.3759,47.9774
Kuwait,2023-12-31,F,45,55935,7304,107834,7.3,0.69,29.3759,47.9774
Kuwait,2024-12-31,M,25,3626,241,4260,0.24,0.03,29.3759,47.9774
Kuwait,2024-12-31,F,69,1550,394,846,0.39,0.17,29.3759,47.9774
Kuwait,2025-12-31,M,35,2822,742,4618,0.74,0.3,29.3759,47.9774
Kuwait,2025-12-31,F,35,242,59,312,0.06,0.02,29.3759,47.9774
Kuwait,2026-12-31,M,79,2853,163,5533,0.16,0.06,29.3759,47.9774
Kuwait,2026-12-31,F,53,4106,247,6505,0.25,0.03,29.3759,47.9774
Qatar,2017-12-31,M,44,151,21,132,0.02,0.01,25.3548,51.1839
Qatar,2017-12-31,F,63,469,107,387,0.11,0.04,25.3548,51.1839
Qatar,2018-12-31,M,83,192,38,64,0.04,0.01,25.3548,51.1839
Qatar,2018-12-31,F,73,377,30,347,0.03,0.0,25.3548,51.1839
Qatar,2019-12-31,M,37,59848,10597,19715,10.6,2.34,25.3548,51.1839
Qatar,2019-12-31,F,53,68368,17949,6957,17.95,4.2,25.3548,51.1839
Qatar,2020-12-31,M,78,22328,4607,9225,4.61,0.94,25.3548,51.1839
Qatar,2020-12-31,F,55,57547,2461,11294,2.46,0.99,25.3548,51.1839
Qatar,2021-12-31,M,48,30317,4937,59546,4.94,1.93,25.3548,51.1839
Qatar,2021-12-31,F,80,9956,2841,9235,2.84,1.16,25.3548,51.1839
Qatar,2022-12-31,M,20,65202,12675,79671,12.68,2.48,25.3548,51.1839
Qatar,2022-12-31,F,66,8090,1820,7893,1.82,0.63,25.3548,51.1839
Qatar,2023-12-31,M,41,67292,18017,59074,18.02,6.21,25.3548,51.1839
Qatar,2023-12-31,F,48,56892,7398,58380,7.4,3.29,25.3548,51.1839
Qatar,2024-12-31,M,76,2200,584,2760,0.58,0.13,25.3548,51.1839
Qatar,2024-12-31,F,21,4412,618,4842,0.62,0.25,25.3548,51.1839
Qatar,2025-12-31,M,61,2970,365,2768,0.36,0.02,25.3548,51.1839
Qatar,2025-12-31,F,47,1784,471,2078,0.47,0.19,25.3548,51.1839
Qatar,2026-12-31,M,73,324,8,602,0.01,0.0,25.3548,51.1839
Qatar,2026-12-31,F,78,3524,654,5004,0.65,0.13,25.3548,51.1839
Oman,2017-12-31,M,85,25,7,19,0.01,0.0,21.5126,55.9233
Oman,2017-12-31,F,66,449,92,138,0.09,0.0,21.5126,55.9233
Oman,2018-12-31,M,38,282,7,128,0.01,0.0,21.5126,55.9233
Oman,2018-12-31,F,52,418,31,200,0.03,0.0,21.5126,55.9233
Oman,2019-12-31,M,38,26087,2352,10195,2.35,1.05,21.5126,55.9233
Oman,2019-12-31,F,38,24122,1901,13092,1.9,0.59,21.5126,55.9233
Oman,2020-12-31,M,33,8069,1853,3370,1.85,0.55,21.5126,55.9233
Oman,2020-12-31,F,83,24396,1632,57,1.63,0.29,21.5126,55.9233
Oman,2021-12-31,M,80,31191,1731,53793,1.73,0.71,21.5126,55.9233
Oman,2021-12-31,F,35,20907,1974,41038,1.97,0.05,21.5126,55.9233
Oman,2022-12-31,M,65,24288,1577,27584,1.58,0.39,21.5126,55.9233
Oman,2022-12-31,F,72,69422,11514,91619,11.51,4.09,21.5126,55.9233
Oman,2023-12-31,M,78,25897,1725,45027,1.73,0.81,21.5126,55.9233
Oman,2023-12-31,F,75,20998,2351,33118,2.35,0.44,21.5126,55.9233
Oman,2024-12-31,M,72,2397,502,2160,0.5,0.2,21.5126,55.9233
Oman,2024-12-31,F,24,1523,284,1991,0.28,0.07,21.5126,55.9233
Oman,2025-12-31,M,22,2740,486,3787,0.49,0.16,21.5126,55.9233
Oman,2025-12-31,F,73,4891,982,4908,0.98,0.4,21.5126,55.9233
Oman,2026-12-31,M,80,1716,334,941,0.33,0.04,21.5126,55.9233
Oman,2026-12-31,F,24,2754,242,3922,0.24,0.06,21.5126,55.9233
Morocco,2017-12-31,M,25,64,7,32,0.01,0.0,31.7917,-7.0926
Morocco,2017-12-31,F,89,265,70,145,0.07,0.01,31.7917,-7.0926
Morocco,2018-12-31,M,88,64,4,45,0.0,0.0,31.7917,-7.0926
Morocco,2018-12-31,F,69,406,60,29,0.06,0.02,31.7917,-7.0926
Morocco,2019-12-31,M,60,68003,17269,57932,17.27,3.32,31.7917,-7.0926
Morocco,2019-12-31,F,55,11180,700,3395,0.7,0.08,31.7917,-7.0926
Morocco,2020-12-31,M,65,60120,15723,16711,15.72,5.52,31.7917,-7.0926
Morocco,2020-12-31,F,55,17121,3310,13974,3.31,0.9,31.7917,-7.0926
Morocco,2021-12-31,M,63,68110,5790,83943,5.79,1.2,31.7917,-7.0926
Morocco,2021-12-31,F,25,29072,2013,43916,2.01,0.71,31.7917,-7.0926
Morocco,2022-12-31,M,79,34315,5196,32526,5.2,0.63,31.7917,-7.0926
Morocco,2022-12-31,F,20,18750,5246,28065,5.25,1.66,31.7917,-7.0926
Morocco,2023-12-31,M,55,35383,3698,24669,3.7,0.83,31.7917,-7.0926
Morocco,2023-12-31,F,57,60018,15233,55797,15.23,2.57,31.7917,-7.0926
Morocco,2024-12-31,M,89,348,57,261,0.06,0.0,31.7917,-7.0926
Morocco,2024-12-31,F,48,108,24,180,0.02,0.01,31.7917,-7.0926
Morocco,2025-12-31,M,41,3452,567,6660,0.57,0.21,31.7917,-7.0926
Morocco,2025-12-31,F,90,4207,992,2665,0.99,0.34,31.7917,-7.0926
Morocco,2026-12-31,M,26,4559,1058,5030,1.06,0.06,31.7917,-7.0926
Morocco,2026-12-31,F,23,1927,309,2672,0.31,0.04,31.7917,-7.0926
Algeria,2017-12-31,M,72,151,15,47,0.01,0.0,28.0339,1.6596
Algeria,2017-12-31,F,64,415,10,190,0.01,0.0,28.0339,1.6596
Algeria,2018-12-31,M,38,403,81,321,0.08,0.02,28.0339,1.6596
Algeria,2018-12-31,F,51,42,6,18,0.01,0.0,28.0339,1.6596
Algeria,2019-12-31,M,84,29227,1143,21825,1.14,0.1,28.0339,1.6596
Algeria,2019-12-31,F,79,65355,7490,10249,7.49,3.34,28.0339,1.6596
Algeria,2020-12-31,M,84,40264,5668,37775,5.67,1.71,28.0339,1.6596
Algeria,2020-12-31,F,57,64390,16033,6363,16.03,4.71,28.0339,1.6596
Algeria,2021-12-31,M,61,47748,5298,26489,5.3,2.47,28.0339,1.6596
Algeria,2021-12-31,F,30,68080,16199,39679,16.2,1.15,28.0339,1.6596
Algeria,2022-12-31,M,61,13063,692,25673,0.69,0.33,28.0339,1.6596
Algeria,2022-12-31,F,78,12547,1246,8424,1.25,0.47,28.0339,1.6596
Algeria,2023-12-31,M,80,36244,8645,23606,8.64,3.81,28.0339,1.6596
Algeria,2023-12-31,F,66,67480,17000,98203,17.0,1.98,28.0339,1.6596
Algeria,2024-12-31,M,77,1518,448,1208,0.45,0.19,28.0339,1.6596
Algeria,2024-12-31,F,42,3749,601,6545,0.6,0.19,28.0339,1.6596
Algeria,2025-12-31,M,60,3209,139,6323,0.14,0.01,28.0339,1.6596
Algeria,2025-12-31,F,88,1240,158,2337,0.16,0.08,28.0339,1.6596
Algeria,2026-12-31,M,49,4407,1285,4119,1.28,0.17,28.0339,1.6596
Algeria,2026-12-31,F,23,3110,703,6064,0.7,0.09,28.0339,1.6596
Tunisia,2017-12-31,M,85,358,81,265,0.08,0.04,33.8869,9.5375
Tunisia,2017-12-31,F,69,232,33,219,0.03,0.0,33.8869,9.5375
Tunisia,2018-12-31,M,46,45,6,20,0.01,0.0,33.8869,9.5375
Tunisia,2018-12-31,F,88,370,62,175,0.06,0.03,33.8869,9.5375
Tunisia,2019-12-31,M,37,44190,3132,34479,3.13,1.04,33.8869,9.5375
Tunisia,2019-12-31,F,20,31146,5593,22558,5.59,2.56,33.8869,9.5375
Tunisia,2020-12-31,M,28,19988,601,17103,0.6,0.07,33.8869,9.5375
Tunisia,2020-12-31,F,74,8224,987,58,0.99,0.16,33.8869,9.5375
Tunisia,2021-12-31,M,62,26230,7023,28606,7.02,0.17,33.8869,9.5375
Tunisia,2021-12-31,F,70,52534,11401,44694,11.4,1.69,33.8869,9.5375
Tunisia,2022-12-31,M,77,64985,10438,110600,10.44,2.53,33.8869,9.5375
Tunisia,2022-12-31,F,56,41739,5300,39846,5.3,0.43,33.8869,9.5375
Tunisia,2023-12-31,M,90,43362,11818,84645,11.82,4.54,33.8869,9.5375
Tunisia,2023-12-31,F,57,67647,10272,39942,10.27,2.05,33.8869,9.5375
Tunisia,2024-12-31,M,40,3577,98,5614,0.1,0.03,33.8869,9.5375
Tunisia,2024-12-31,F,62,1572,438,2064,0.44,0.21,33.8869,9.5375
Tunisia,2025-12-31,M,32,4811,1234,8492,1.23,0.44,33.8869,9.5375
Tunisia,2025-12-31,F,39,4596,251,5817,0.25,0.06,33.8869,9.5375
Tunisia,2026-12-31,M,86,2272,181,1230,0.18,0.06,33.8869,9.5375
Tunisia,2026-12-31,F,77,4796,869,6751,0.87,0.31,33.8869,9.5375
Chile,2017-12-31,M,20,28,1,10,0.0,0.0,-35.6751,-71.543
Chile,2017-12-31,F,69,490,18,238,0.02,0.01,-35.6751,-71.543
Chile,2018-12-31,M,77,455,5,387,0.01,0.0,-35.6751,-71.543
Chile,2018-12-31,F,22,100,12,31,0.01,0.0,-35.6751,-71.543
Chile,2019-12-31,M,78,41149,6081,33660,6.08,0.02,-35.6751,-71.543
Chile,2019-12-31,F,61,13383,529,2544,0.53,0.21,-35.6751,-71.543
Chile,2020-12-31,M,58,30189,2796,5641,2.8,0.98,-35.6751,-71.543
Chile,2020-12-31,F,67,55165,10866,7315,10.87,2.69,-35.6751,-71.543
Chile,2021-12-31,M,25,28737,3507,56459,3.51,0.66,-35.6751,-71.543
Chile,2021-12-31,F,64,52295,3342,64965,3.34,1.67,-35.6751,-71.543
Chile,2022-12-31,M,56,24951,2706,45535,2.71,1.25,-35.6751,-71.543
Chile,2022-12-31,F,73,67057,12336,125326,12.34,5.99,-35.6751,-71.543
Chile,2023-12-31,M,78,25638,6922,27628,6.92,2.41,-35.6751,-71.543
Chile,2023-12-31,F,27,42998,6033,52701,6.03,1.86,-35.6751,-71.543
Chile,2024-12-31,M,40,4379,152,5224,0.15,0.07,-35.6751,-71.543
Chile,2024-12-31,F,78,2126,607,3515,0.61,0.04,-35.6751,-71.543
Chile,2025-12-31,M,67,2221,298,2158,0.3,0.08,-35.6751,-71.543
Chile,2025-12-31,F,51,1675,380,1513,0.38,0.03,-35.6751,-71.543
Chile,2026-12-31,M,26,3322,379,3798,0.38,0.18,-35.6751,-71.543
Chile,2026-12-31,F,34,2188,194,1236,0.19,0.03,-35.6751,-71.543
Colombia,2017-12-31,M,66,464,54,303,0.05,0.0,4.5709,-74.2973
Colombia,2017-12-31,F,64,358,25,266,0.03,0.0,4.5709,-74.2973
Colombia,2018-12-31,M,35,377,46,2,0.05,0.02,4.5709,-74.2973
Colombia,2018-12-31,F,49,499,70,292,0.07,0.0,4.5709,-74.2973
Colombia,2019-12-31,M,22,61928,1488,52245,1.49,0.39,4.5709,-74.2973
Colombia,2019-12-31,F,59,30270,5048,3126,5.05,2.51,4.5709,-74.2973
Colombia,2020-12-31,M,62,38726,11500,32768,11.5,2.51,4.5709,-74.2973
Colombia,2020-12-31,F,48,46498,7728,30997,7.73,2.09,4.5709,-74.2973
Colombia,2021-12-31,M,57,47721,6271,80547,6.27,2.36,4.5709,-74.2973
Colombia,2021-12-31,F,90,24387,2496,14507,2.5,0.33,4.5709,-74.2973
Colombia,2022-12-31,M,59,38242,1053,32740,1.05,0.1,4.5709,-74.2973
Colombia,2022-12-31,F,58,27103,5163,20828,5.16,0.59,4.5709,-74.2973
Colombia,2023-12-31,M,38,40455,5632,44129,5.63,1.37,4.5709,-74.2973
Colombia,2023-12-31,F,73,7931,472,15104,0.47,0.08,4.5709,-74.2973
Colombia,2024-12-31,M,70,3920,238,4961,0.24,0.11,4.5709,-74.2973
Colombia,2024-12-31,F,86,2021,422,3192,0.42,0.04,4.5709,-74.2973
Colombia,2025-12-31,M,45,2723,505,5188,0.51,0.15,4.5709,-74.2973
Colombia,2025-12-31,F,44,4533,119,6997,0.12,0.06,4.5709,-74.2973
Colombia,2026-12-31,M,28,2127,79,1711,0.08,0.01,4.5709,-74.2973
Colombia,2026-12-31,F,45,3851,64,7247,0.06,0.01,4.5709,-74.2973
Peru,2017-12-31,M,31,327,12,141,0.01,0.0,-9.1899,-75.0152
Peru,2017-12-31,F,32,382,81,280,0.08,0.04,-9.1899,-75.0152
Peru,2018-12-31,M,44,500,9,190,0.01,0.0,-9.1899,-75.0152
Peru,2018-12-31,F,58,326,86,309,0.09,0.0,-9.1899,-75.0152
Peru,2019-12-31,M,32,50337,10946,3473,10.95,2.43,-9.1899,-75.0152
Peru,2019-12-31,F,38,42782,7714,18566,7.71,2.24,-9.1899,-75.0152
Peru,2020-12-31,M,50,23752,6683,5833,6.68,0.02,-9.1899,-75.0152
Peru,2020-12-31,F,58,12975,971,10393,0.97,0.01,-9.1899,-75.0152
Peru,2021-12-31,M,46,54898,2042,49724,2.04,0.33,-9.1899,-75.0152
Peru,2021-12-31,F,47,5345,1158,5629,1.16,0.52,-9.1899,-75.0152
Peru,2022-12-31,M,65,6772,1089,8417,1.09,0.09,-9.1899,-75.0152
Peru,2022-12-31,F,59,65109,5861,93036,5.86,2.77,-9.1899,-75.0152
Peru,2023-12-31,M,74,58610,13578,94033,13.58,5.33,-9.1899,-75.0152
Peru,2023-12-31,F,78,65828,10912,99971,10.91,0.84,-9.1899,-75.0152
Peru,2024-12-31,M,70,322,41,387,0.04,0.01,-9.1899,-75.0152
Peru,2024-12-31,F,45,3364,581,5764,0.58,0.07,-9.1899,-75.0152
Peru,2025-12-31,M,47,3092,262,5790,0.26,0.1,-9.1899,-75.0152
Peru,2025-12-31,F,61,1317,167,858,0.17,0.06,-9.1899,-75.0152
Peru,2026-12-31,M,56,3963,912,4954,0.91,0.04,-9.1899,-75.0152
Peru,2026-12-31,F,38,2131,155,2463,0.15,0.07,-9.1899,-75.0152
Venezuela,2017-12-31,M,77,393,77,88,0.08,0.01,6.4238,-66.5897
Venezuela,2017-12-31,F,25,372,102,149,0.1,0.02,6.4238,-66.5897
Venezuela,2018-12-31,M,47,221,2,26,0.0,0.0,6.4238,-66.5897
Venezuela,2018-12-31,F,24,179,37,65,0.04,0.02,6.4238,-66.5897
Venezuela,2019-12-31,M,44,37843,7636,35869,7.64,2.27,6.4238,-66.5897
Venezuela,2019-12-31,F,26,41602,7630,25583,7.63,3.72,6.4238,-66.5897
Venezuela,2020-12-31,M,27,10277,1838,8004,1.84,0.86,6.4238,-66.5897
Venezuela,2020-12-31,F,61,12293,994,4260,0.99,0.23,6.4238,-66.5897
Venezuela,2021-12-31,M,83,63877,16254,48184,16.25,7.64,6.4238,-66.5897
Venezuela,2021-12-31,F,43,22053,2455,25059,2.46,0.05,6.4238,-66.5897
Venezuela,2022-12-31,M,67,52792,8128,53922,8.13,1.53,6.4238,-66.5897
Venezuela,2022-12-31,F,41,42507,8057,50258,8.06,0.3,6.4238,-66.5897
Venezuela,2023-12-31,M,20,26387,4050,27617,4.05,1.95,6.4238,-66.5897
Venezuela,2023-12-31,F,85,48092,5673,73511,5.67,0.84,6.4238,-66.5897
Venezuela,2024-12-31,M,69,2226,653,1852,0.65,0.05,6.4238,-66.5897
Venezuela,2024-12-31,F,48,765,88,982,0.09,0.01,6.4238,-66.5897
Venezuela,2025-12-31,M,21,2793,204,5297,0.2,0.08,6.4238,-66.5897
Venezuela,2025-12-31,F,55,566,99,775,0.1,0.0,6.4238,-66.5897
Venezuela,2026-12-31,M,48,4100,344,3895,0.34,0.02,6.4238,-66.5897
Venezuela,2026-12-31,F,84,3421,181,2815,0.18,0.08,6.4238,-66.5897
